[INFO | borealis::log] File logging initialized
[INFO | dusk] Build: v2.0.3 (rev f39afb4994aeb85e1f4524f40f32d6bb03808749, built Wed Sep 30 08:33:18 2026 -0500, type RelWithDebInfo)
[INFO | dusk] Platform: android
[INFO | dusk::config] Loading config from '/data/data/dev.twilitrealm.dusk/files/config.json'
[INFO | aurora] Aurora initializing
[INFO | aurora::system_info] CPU model: Unknown
[INFO | aurora::system_info] Memory: 15140 MiB
[INFO | aurora::system_info] Architecture: aarch64
[ERROR | aurora::system_info] Failed to open /etc/os-release or /usr/lib/os-release
[INFO | aurora::system_info] OS: Unknown
[INFO | aurora::gpu] Creating WebGPU instance
[INFO | aurora::gpu] Attempting to initialize Vulkan
[INFO | aurora::gpu] Requesting adapter
  Feature level: Compatibility
  Power preference: HighPerformance
  Backend: Vulkan
  Compatible surface: true
[INFO | aurora::gpu] Graphics adapter information
  API: Vulkan
  Device: Adreno (TM) 830 (IntegratedGPU)
  Driver: Qualcomm Technologies Inc. Adreno Vulkan Driver: Driver Build: 3967b80d3b, Ica4ce9bea6, 1770914544
Date: 02/12/26
Compiler Version: E031.47.18.49
Driver Branch: 
 512.800.72
[INFO | aurora::gpu] Using limits:
  maxTextureDimension1D: 16384
  maxTextureDimension2D: 16384
  maxTextureDimension3D: 2048
  maxTextureArrayLayers: 2048
  maxStorageBuffersPerShaderStage: 2
  minUniformBufferOffsetAlignment: 256
  minStorageBufferOffsetAlignment: 64
  maxImmediateSize: 64
[INFO | aurora::gpu] Enabling features: 
  CoreFeaturesAndLimits
  TextureCompressionBC
  TextureCompressionASTC
  DualSourceBlending
  TextureComponentSwizzle
[DEBUG | aurora::gpu::cache] SQLite version 3.51.3
[DEBUG | aurora::gpu::cache] Using dawn cache at /data/data/dev.twilitrealm.dusk/files/dawn_cache.db
[DEBUG | aurora::gpu::cache] SQLite cache init succeeded
[INFO | aurora::gpu] Using surface format RGBA8Unorm, present mode Fifo
[INFO | aurora::gfx::pipeline_cache] No bundled initial pipeline cache found at './initial_pipeline_cache.db'
[INFO | aurora] Using framebuffer size 1920x1080 scale 2.30625
[WARNING | aurora::texture] texture_replacement: failed to load texture TextureReplacement tex1_128x64_6b0c0e381e32c091_14.dds because 45x22 is not aligned to 4x4 texel blocks for format 62
[WARNING | aurora::texture] texture_replacement: failed to load texture TextureReplacement tex1_56x89_m_52820dbae736d0d1_59a43005f82eebd3_9.dds because 41x64 is not aligned to 4x4 texel blocks for format 62
[INFO | aurora::texture] Loaded 4732 texture replacement registrations from /data/data/dev.twilitrealm.dusk/files/texture_replacements
[INFO | dusk] Texture replacement directory loaded: 4732 registration(s)
[INFO | aurora::rmlui] Loaded font face 'Fira Sans' [regular] from 'res/FiraSans-Regular.ttf'.
[INFO | aurora::rmlui] Loaded font face 'Fira Sans' [bold] from 'res/FiraSans-Bold.ttf'.
[INFO | aurora::rmlui] Loaded font face 'Fira Sans Condensed' [regular] from 'res/FiraSansCondensed-Regular.ttf'.
[INFO | aurora::rmlui] Loaded font face 'Fira Sans Condensed' [bold] from 'res/FiraSansCondensed-Bold.ttf'.
[INFO | aurora::rmlui] Loaded font face 'Alegreya SC' [regular] from 'res/AlegreyaSC-Regular.ttf'.
[INFO | aurora::rmlui] Loaded font face 'Alegreya SC' [bold] from 'res/AlegreyaSC-Bold.ttf'.
[INFO | aurora::rmlui] Loaded font face 'Material Symbols Rounded' [regular] from 'res/MaterialSymbolsRounded-Regular.ttf'.
[INFO | aurora::rmlui] Loaded font face 'Noto Mono' [regular] from 'res/NotoMono-Regular.ttf'.
[INFO | dusk] Disc verification status: verified (path: content://com.android.externalstorage.documents/document/primary%3ADusklight%2FLegend%20of%20Zelda%2C%20The%20-%20Twilight%20Princess%20(USA).rvz)
[INFO | dusk] Loading DVD image: content://com.android.externalstorage.documents/document/primary%3ADusklight%2FLegend%20of%20Zelda%2C%20The%20-%20Twilight%20Princess%20(USA).rvz
[INFO | dusk] Loaded game disc is GZ2E01
[INFO | dusk] Initializing mods...
[INFO | dusk::mods::manifest] symbol manifest loaded: 312357 symbols, build id 3021f75aced6da670bbefc9c2e3c1463afcafeb9
[WARNING | birdoflight.link.cloud] icon path 'res/icon.png' not found in bundle
[WARNING | birdoflight.link.cloud] banner path 'res/banner.png' not found in bundle
[WARNING | birdoflight.link.cloud] icon path 'res/icon.png' not found in bundle
[WARNING | birdoflight.link.cloud] banner path 'res/banner.png' not found in bundle
[INFO | birdoflight.link.cloud] found 'Cloud' v1.0.0 by BirdofLight (/data/data/dev.twilitrealm.dusk/files/mods/Link - Cloud.dusk)
[INFO | org.twilight.hd_hud] found 'Twilight HD' v2.5.3 by Hyrule Hysteria (/data/data/dev.twilitrealm.dusk/files/mods/Twilight-HD-HUD.dusk)
[INFO | alexandre.cooper_hat.texture_selector] found 'Cowboy Link' v1.1.0 by XandasLegend (/data/data/dev.twilitrealm.dusk/files/mods/alexandre.cooper_hat.texture_selector.dusk)
[INFO | com.skilarmbabcock.champions_leathers] found 'Champion's Leathers' v1.0.0 by Skilar Babcock (/data/data/dev.twilitrealm.dusk/files/mods/champions_leathers.dusk)
[INFO | com.blueflaregames.cutscene_player] found 'Cutscene Player' v1.0.1 by Blue Flare Games (/data/data/dev.twilitrealm.dusk/files/mods/com.blueflaregames.cutscene_player.dusk)
[INFO | com.blueflaregames.zora_swim] found 'Zora Swim' v1.2.1 by Blue Flare Games (/data/data/dev.twilitrealm.dusk/files/mods/com.blueflaregames.zora_swim.dusk)
[INFO | com.ditrey.linkle] found 'Linkle Mod' v1.1.1 by Ditrey (/data/data/dev.twilitrealm.dusk/files/mods/com.ditrey.linkle.dusk)
[INFO | com.dusklight.twilit_essentials] found 'Twilit Essentials' v2.6.8 by Fimmel (/data/data/dev.twilitrealm.dusk/files/mods/com.dusklight.twilit_essentials.dusk)
[INFO | com.kamilink.lazytweaks] found 'Lazy Shield Rework' v1.0.0 by Kamilink (/data/data/dev.twilitrealm.dusk/files/mods/com.kamilink.lazytweaks.dusk)
[INFO | com.melonspeedruns.rollandsprint] found 'Roll and Sprint' v1.1.0 by MelonSpeedruns (/data/data/dev.twilitrealm.dusk/files/mods/com.melonspeedruns.rollandsprint.dusk)
[INFO | com.mikey022.tp_randomizer_tracker] found 'TPTracker' v0.4.40 by mikey022 (/data/data/dev.twilitrealm.dusk/files/mods/com.mikey022.tp_randomizer_tracker.dusk)
[INFO | com.ordonhero.zeldartist] found 'Ordonian Hero' v1.0.0 by Skilar Babcock (/data/data/dev.twilitrealm.dusk/files/mods/com.ordonhero.zeldartist.dusk)
[INFO | com.skilarmbabcock.hero_of_time] found 'Hero of Time' v1.0.0 by Skilar Babcock (/data/data/dev.twilitrealm.dusk/files/mods/com.skilarmbabcock.hero_of_time.dusk)
[INFO | com.tomtee.no_underwater_filter] found 'No Underwater Filter' v1.0.0 by tomtee (/data/data/dev.twilitrealm.dusk/files/mods/com.tomtee.no_underwater_filter.dusk)
[INFO | dev.baxlek.time_sync_neo] found 'Time Sync Neo' v1.3.1 by baxlek (/data/data/dev.twilitrealm.dusk/files/mods/dev.baxlek.time_sync_neo.dusk)
[INFO | dev.baxlek.unrestricted_items] found 'Unrestricted Items' v1.1.2 by baxlek (/data/data/dev.twilitrealm.dusk/files/mods/dev.baxlek.unrestricted_items.dusk)
[INFO | dev.baxlek.zelda_on_epona] found 'Zelda on Epona' v1.2.3 by baxlek (/data/data/dev.twilitrealm.dusk/files/mods/dev.baxlek.zelda_on_epona.dusk)
[INFO | dev.remiafterdark.coop_mod] found 'Crests of Courage' v1.9.0 by remiafterdark (/data/data/dev.twilitrealm.dusk/files/mods/dev.remiafterdark.coop_mod.dusk)
[INFO | dev.remiafterdark.ganondorf] found 'Ganondorf' v1.0.0 by remiafterdark (/data/data/dev.twilitrealm.dusk/files/mods/dev.remiafterdark.ganondorf.dusk)
[INFO | dev.twilitrealm.randomizer] /data/data/dev.twilitrealm.dusk/files/mods/dev.twilitrealm.randomizer.dusk v1.0.5 shadowed by /data/data/dev.twilitrealm.dusk/files/bundled_mods/randomizer.dusk v1.0.6
[INFO | com.skilarmbabcock.fierce_deity] found 'Fierce Deity' v1.0.0 by Skilar Babcock (/data/data/dev.twilitrealm.dusk/files/mods/fierce_deity.dusk)
[INFO | dev.baxlek.fire_arrows] found 'Fire Arrows Standalone' v1.0.2 by baxlek (/data/data/dev.twilitrealm.dusk/files/mods/fire_arrows.dusk)
[INFO | hopex.dark_link] found 'Dark Link' v1.1.3 by Nozzly (/data/data/dev.twilitrealm.dusk/files/mods/hopex.dark_link.dusk)
[INFO | dev.baxlek.hw_outfit] found 'Hyrule Warriors Outfit' v1.0.0 by baxlek (/data/data/dev.twilitrealm.dusk/files/mods/hw_outfit.dusk)
[INFO | com.snoopier.light_sword_anywhere] found 'Light Sword Anywhere' v0.4.1 by Snoopier (/data/data/dev.twilitrealm.dusk/files/mods/light_sword_anywhere-android.dusk)
[INFO | com.bytheeightdivines.royalshield] found 'Royal Shield' v1.0.0 by ByTheEightDivines (/data/data/dev.twilitrealm.dusk/files/mods/royal_shield.dusk)
[INFO | dev.twilitrealm.cosmetics] found 'Cosmetics' v1.0.0 by Twilit Realm (/data/data/dev.twilitrealm.dusk/files/bundled_mods/cosmetics.dusk)
[INFO | dev.twilitrealm.luau] found 'Luau Support' v1.0.0 by Twilit Realm (/data/data/dev.twilitrealm.dusk/files/bundled_mods/luau_runtime.dusk)
[INFO | dev.twilitrealm.randomizer] found 'Dusklight Randomizer' v1.0.6 by Twilit Realm (/data/data/dev.twilitrealm.dusk/files/bundled_mods/randomizer.dusk)
[INFO | dusk::mods::loader] initializing 28 mod(s)...
[INFO | birdoflight.link.cloud] disabled by config
[INFO | alexandre.cooper_hat.texture_selector] disabled by config
[INFO | com.skilarmbabcock.champions_leathers] disabled by config
[INFO | com.blueflaregames.cutscene_player] disabled by config
[INFO | com.ditrey.linkle] disabled by config
[INFO | com.kamilink.lazytweaks] disabled by config
[INFO | com.mikey022.tp_randomizer_tracker] disabled by config
[INFO | com.ordonhero.zeldartist] disabled by config
[INFO | com.skilarmbabcock.hero_of_time] disabled by config
[INFO | dev.remiafterdark.coop_mod] disabled by config
[INFO | dev.remiafterdark.ganondorf] disabled by config
[INFO | hopex.dark_link] disabled by config
[INFO | com.bytheeightdivines.royalshield] disabled by config
[INFO | dev.twilitrealm.cosmetics] activating mod
[INFO | dev.twilitrealm.cosmetics] cosmetics initialized
[INFO | dev.twilitrealm.luau] activating mod
[INFO | dev.twilitrealm.randomizer] activating mod
[INFO | dev.twilitrealm.randomizer] randomizer v1.0.6-HEAD-1f24e81 initialized
[INFO | org.twilight.hd_hud] activating mod
[INFO | org.twilight.hd_hud] Text Font: Dusklight - Fira Sans Bold selected
[INFO | org.twilight.hd_hud] Twilight HD initialized
[INFO | com.blueflaregames.zora_swim] activating mod
[INFO | com.blueflaregames.zora_swim] zora_swim initialized (swim speed 200%)
[INFO | com.dusklight.twilit_essentials] activating mod
[WARNING | com.dusklight.twilit_essentials] hook target 'dusk::getActionBindHold' did not resolve (symbol 'dusk::getActionBindHold' not found); installing this hook will fail
[DEBUG | com.dusklight.twilit_essentials] init menu_tab: OK
[DEBUG | com.dusklight.twilit_essentials] init general: OK
[DEBUG | com.dusklight.twilit_essentials] init damage_vignette: OK
[DEBUG | com.dusklight.twilit_essentials] init graphics: OK
[DEBUG | com.dusklight.twilit_essentials] init wind: OK
[DEBUG | com.dusklight.twilit_essentials] init oxygen_vignette: OK
[DEBUG | com.dusklight.twilit_essentials] init flurry_vignette: OK
[DEBUG | com.dusklight.twilit_essentials] init bullet_time_vignette: OK
[DEBUG | com.dusklight.twilit_essentials] init leaderboard_blur: OK
[DEBUG | com.dusklight.twilit_essentials] init twilight_hd_compat: OK
[DEBUG | com.dusklight.twilit_essentials] init hp_bars: OK
[DEBUG | com.dusklight.twilit_essentials] init boss_bar: OK
[DEBUG | com.dusklight.twilit_essentials] init boss_rush: OK
[DEBUG | com.dusklight.twilit_essentials] init boss_rush_portal: OK
[DEBUG | com.dusklight.twilit_essentials] init boss_rush_dpad: OK
[DEBUG | com.dusklight.twilit_essentials] init boss_rush_music: OK
[DEBUG | com.dusklight.twilit_essentials] init boss_rush_gamemode: OK
[DEBUG | com.dusklight.twilit_essentials] init visible_equipment: OK
[INFO | com.dusklight.twilit_essentials] [ZButton/mobile] Midna touch button available
[INFO | com.dusklight.twilit_essentials] [ZButton/mobile] Midna button in Customize Layout available
[DEBUG | com.dusklight.twilit_essentials] init z_button: OK
[DEBUG | com.dusklight.twilit_essentials] init quick_access_bottles: OK
[INFO | com.dusklight.twilit_essentials] [QuickAccess/mobile] touch bar available
[INFO | com.dusklight.twilit_essentials] [QuickAccess/mobile] layout editor support on
[DEBUG | com.dusklight.twilit_essentials] init quick_access: OK
[DEBUG | com.dusklight.twilit_essentials] init quick_access_itemwheel: OK
[DEBUG | com.dusklight.twilit_essentials] init sheathed_spin: OK
[DEBUG | com.dusklight.twilit_essentials] init flurry_rush: OK
[DEBUG | com.dusklight.twilit_essentials] init bullet_time: OK
[DEBUG | com.dusklight.twilit_essentials] init stamina: OK
[DEBUG | com.dusklight.twilit_essentials] init puppet_zelda_pattern: OK
[DEBUG | com.dusklight.twilit_essentials] init collection_menu: OK
[DEBUG | com.dusklight.twilit_essentials] init collection_menu_shield: OK
[DEBUG | com.dusklight.twilit_essentials] init epona: OK
[INFO | com.melonspeedruns.rollandsprint] activating mod
[INFO | com.tomtee.no_underwater_filter] activating mod
[INFO | dev.baxlek.time_sync_neo] activating mod
[INFO | dev.baxlek.time_sync_neo] time_sync_neo initialized
[INFO | dev.baxlek.unrestricted_items] activating mod
[INFO | dev.baxlek.unrestricted_items] unrestricted_items initialized
[INFO | dev.baxlek.zelda_on_epona] activating mod
[INFO | dev.baxlek.zelda_on_epona] zelda_on_epona initialized
[INFO | com.skilarmbabcock.fierce_deity] activating mod
[INFO | dev.baxlek.fire_arrows] activating mod
[INFO | dev.baxlek.fire_arrows] fire_arrows initialized
[INFO | dev.baxlek.hw_outfit] activating mod
[INFO | com.snoopier.light_sword_anywhere] activating mod
[INFO | com.snoopier.light_sword_anywhere] light_sword_anywhere initialized
[DEBUG | dusk::mods::overlay] Registering 35 overlay file(s).
[INFO | dusk::mods::textures] [org.twilight.hd_hud] registered 2 texture replacement(s).
[INFO | dusk::mods::textures] [com.dusklight.twilit_essentials] registered 4 texture replacement(s).
[INFO | dusk::mods::textures] [dev.baxlek.hw_outfit] registered 20 texture replacement(s).
[INFO | dusk::mods::loader] 15/28 mod(s) active
[INFO | dusk::osReport] Starting main01 (Game Loop)...
[DEBUG | aurora::ar] Initialized 0x1800000 bytes of ARAM!
[INFO | dusk] COPYDATE=[2006/11/06 18:16
]
[DEBUG | dusk] [DIAG] cDyl_InitCallback: START
[DEBUG | dusk] fopScnM_CreateReq: procName=9 fade=32767
[DEBUG | dusk] fopScnM_CreateReq: result=0 (error=4294967295)
[DEBUG | dusk] cDyl_InitCallback: fpcNm_LOGO_SCENE_e created, DONE
[INFO | aurora::input] Added controller 'Odin Controller' (instance 3, vid 2020, pid 0111, type 1)
[DEBUG | dusk] fapGm_Execute frame=0
[DEBUG | dusk] fpcDw_Handler: before BeforeOfDraw
[DEBUG | dusk] fpcDw_Handler: before draw iteration
[DEBUG | dusk] fpcDw_Handler: before AfterOfDraw
[DEBUG | dusk] fpcDw_Handler: done
[DEBUG | dusk] fpcNdRq_Handler: queue size=1
[DEBUG | dusk] fpcNdRq_phase_Create: name=9 layer=0x73fb38f418
[DEBUG | dusk] fpcNdRq_phase_Create: creating_id=1 (error=4294967295)
[DEBUG | dusk] fopScnRq_phase_Execute: ret=0 name=9
[DEBUG | dusk] fapGm_Execute frame=1
[DEBUG | dusk] [DIAG] fpcSCtRq_phase_Load: procName=9 ret=4
[DEBUG | dusk] fpcSCtRq_phase_CreateProcess: procName=9
[DEBUG | dusk] fpcBs_Create: pid=1 profname=fpcNm_LOGO_SCENE_e (9) profile=0x73fb15c020 procSize=1304 unkSize=0
[DEBUG | dusk] fpcSCtRq_phase_CreateProcess: fpcBs_Create OK proc=0xb4000072bf3f5a48
[DEBUG | dusk] [DIAG] dScnLogo_Create: entry i_this=0xb4000072bf3f5a48
[DEBUG | dusk] dScnLogo_c::create START
[DEBUG | dusk] dScnLogo_c::create resLoad=0 (need 4 for complete)
[DEBUG | dusk] fpcSCtRq_phase_SubCreateProcess: pid=1 procName=0009 ret=0
[DEBUG | dusk] fpcCtRq_Do: phase=0 process=0xb4000072bf3f5a48
[DEBUG | dusk] fpcDw_Handler: before BeforeOfDraw
[DEBUG | dusk] fpcDw_Handler: before draw iteration
[DEBUG | dusk] fpcDw_Handler: before AfterOfDraw
[DEBUG | dusk] fpcDw_Handler: done
[DEBUG | dusk] fpcNdRq_Handler: queue size=1
[DEBUG | dusk] fopScnRq_phase_Execute: ret=0 name=9
[DEBUG | dusk] fapGm_Execute frame=2
[DEBUG | dusk] [DIAG] dScnLogo_Create: entry i_this=0xb4000072bf3f5a48
[DEBUG | dusk] fpcSCtRq_phase_SubCreateProcess: pid=1 procName=0009 ret=0
[DEBUG | dusk] fpcCtRq_Do: phase=0 process=0xb4000072bf3f5a48
[DEBUG | dusk] fpcDw_Handler: before BeforeOfDraw
[DEBUG | dusk] fpcDw_Handler: before draw iteration
[DEBUG | dusk] fpcDw_Handler: before AfterOfDraw
[DEBUG | dusk] fpcDw_Handler: done
[DEBUG | dusk] fpcNdRq_Handler: queue size=1
[DEBUG | dusk] fopScnRq_phase_Execute: ret=0 name=9
[DEBUG | dusk] fapGm_Execute frame=3
[DEBUG | dusk] [DIAG] dScnLogo_Create: entry i_this=0xb4000072bf3f5a48
[DEBUG | dusk] fpcSCtRq_phase_SubCreateProcess: pid=1 procName=0009 ret=0
[DEBUG | dusk] fpcCtRq_Do: phase=0 process=0xb4000072bf3f5a48
[DEBUG | dusk] fpcDw_Handler: before BeforeOfDraw
[DEBUG | dusk] fpcDw_Handler: before draw iteration
[DEBUG | dusk] fpcDw_Handler: before AfterOfDraw
[DEBUG | dusk] fpcDw_Handler: done
[DEBUG | dusk] fpcNdRq_Handler: queue size=1
[DEBUG | dusk] fopScnRq_phase_Execute: ret=0 name=9
[DEBUG | dusk] fapGm_Execute frame=4
[DEBUG | dusk] [DIAG] dScnLogo_Create: entry i_this=0xb4000072bf3f5a48
[DEBUG | dusk] Loading Resource: dolby_p2_232_112.bti (Size: 26016)
[DEBUG | dusk] Loading Resource: nintendo_376x104.bti (Size: 78240)
[DEBUG | dusk] Loading Resource: progressive_choice.bti (Size: 15008)
[DEBUG | dusk] Loading Resource: progressive_inter.bti (Size: 15008)
[DEBUG | dusk] Loading Resource: progressive_no.bti (Size: 2592)
[DEBUG | dusk] Loading Resource: progressive_pro.bti (Size: 15008)
[DEBUG | dusk] Loading Resource: progressive_yes.bti (Size: 2848)
[DEBUG | dusk] Loading Resource: warning.bti (Size: 136224)
[DEBUG | dusk] Loading Resource: warning_pstart.bti (Size: 14624)
[DEBUG | dusk] dScnLogo_c::create resLoad COMPLETE, continuing init...
[DEBUG | dusk] fpcSCtRq_phase_SubCreateProcess: pid=1 procName=0009 ret=2
[DEBUG | dusk] fpcCtRq_Do: phase=4 process=0xb4000072bf3f5a48
[DEBUG | dusk] fpcDw_Handler: before BeforeOfDraw
[DEBUG | dusk] fpcDw_Handler: before draw iteration
[DEBUG | dusk] dScnLogo_c::draw: mExecCommand=14 mTimer=0
[DEBUG | dusk] fpcDw_Handler: before AfterOfDraw
[DEBUG | dusk] fpcDw_Handler: done
[DEBUG | dusk] fpcNdRq_Handler: queue size=1
[DEBUG | dusk] fopScnRq_phase_Execute: ret=2 name=9
[DEBUG | dusk] fapGm_Execute frame=5
[DEBUG | dusk] dScnLogo_c::draw: mExecCommand=14 mTimer=0
[DEBUG | dusk] fapGm_Execute frame=6
[DEBUG | dusk] dScnLogo_c::draw: mExecCommand=14 mTimer=0
[DEBUG | dusk] Loading Resource: ef_mizubashira.bck (Size: 672)
[DEBUG | dusk] Loading Resource: f_znc_r_impact.bck (Size: 704)
[DEBUG | dusk] Loading Resource: o_g_hutk.bck (Size: 416)
[DEBUG | dusk] Loading Resource: o_g_hutu.bck (Size: 416)
[DEBUG | dusk] Loading Resource: waita.bck (Size: 768)
[DEBUG | dusk] Loading Resource: zelda_notice_cursor_red.bck (Size: 512)
[DEBUG | dusk] Loading Resource: zelda_notice_cursor_yellow.bck (Size: 416)
[DEBUG | dusk] Loading Resource: o_g_hart.bmd (Size: 5472)
[DEBUG | dusk] Loading Resource: o_g_hutk.bmd (Size: 29376)
[DEBUG | dusk] Loading Resource: o_g_hutu.bmd (Size: 29376)
[DEBUG | dusk] Loading Resource: o_g_rupy.bmd (Size: 8224)
[DEBUG | dusk] Loading Resource: breakwoodbox.bmd (Size: 3744)
[DEBUG | dusk] Loading Resource: d_brockbrk.bmd (Size: 2848)
[DEBUG | dusk] Loading Resource: ef_mizubashira.bmd (Size: 12224)
[DEBUG | dusk] Loading Resource: ef_screen_suityu.bmd (Size: 4128)
[DEBUG | dusk] Loading Resource: ef_thunder01.bmd (Size: 10016)
[DEBUG | dusk] Loading Resource: ef_thunder02.bmd (Size: 10304)
[DEBUG | dusk] Loading Resource: mpm_tubo.bmd (Size: 4704)
[DEBUG | dusk] Loading Resource: nv.bmd (Size: 4256)
[DEBUG | dusk] Loading Resource: o_g_arow.bmd (Size: 4960)
[DEBUG | dusk] Loading Resource: o_g_arow_taba.bmd (Size: 22304)
[DEBUG | dusk] Loading Resource: o_g_tane.bmd (Size: 13152)
[DEBUG | dusk] Loading Resource: zelda_notice_cursor_red.bmd (Size: 7808)
[DEBUG | dusk] Loading Resource: zelda_notice_cursor_yellow.bmd (Size: 10688)
[DEBUG | dusk] Loading Resource: f_znc_r_impact.bpk (Size: 416)
[DEBUG | dusk] Loading Resource: zelda_notice_cursor_red.bpk (Size: 320)
[DEBUG | dusk] Loading Resource: zelda_notice_cursor_yellow.bpk (Size: 320)
[DEBUG | dusk] Loading Resource: ef_mizubashira.brk (Size: 480)
[DEBUG | dusk] Loading Resource: ef_thunder.brk (Size: 640)
[DEBUG | dusk] Loading Resource: f_g_hart.brk (Size: 384)
[DEBUG | dusk] Loading Resource: f_g_rupy.brk (Size: 800)
[DEBUG | dusk] Loading Resource: f_znc_r_impact.brk (Size: 384)
[DEBUG | dusk] Loading Resource: o_g_hutk.brk (Size: 416)
[DEBUG | dusk] Loading Resource: o_g_hutu.brk (Size: 544)
[DEBUG | dusk] Loading Resource: zelda_notice_cursor_red.brk (Size: 288)
[DEBUG | dusk] Loading Resource: zelda_notice_cursor_red_02.brk (Size: 224)
[DEBUG | dusk] Loading Resource: zelda_notice_cursor_yellow.brk (Size: 544)
[DEBUG | dusk] Loading Resource: zelda_notice_cursor_yellow_02.brk (Size: 224)
[DEBUG | dusk] Loading Resource: ef_mizubashira.btk (Size: 704)
[DEBUG | dusk] Loading Resource: ef_screen_suityu.btk (Size: 320)
[DEBUG | dusk] Loading Resource: f_znc_r_impact.btk (Size: 256)
[DEBUG | dusk] Loading Resource: zelda_notice_cursor_red.btk (Size: 256)
[DEBUG | dusk] Loading Resource: zelda_notice_cursor_yellow.btk (Size: 576)
[DEBUG | dusk] Loading Resource: mpm_tubo.btp (Size: 128)
[DEBUG | dusk] Loading Resource: areamapres.bin (Size: 444)
[DEBUG | dusk] Loading Resource: item_table.bin (Size: 128)
[DEBUG | dusk] Loading Resource: a_kusa_rgba.bti (Size: 2080)
[DEBUG | dusk] Loading Resource: ball32_i4.bti (Size: 544)
[DEBUG | dusk] Loading Resource: im_enter_4i_32.bti (Size: 544)
[DEBUG | dusk] Loading Resource: im_map_icon_circle_4i.bti (Size: 64)
[DEBUG | dusk] Loading Resource: im_map_icon_enter_4i.bti (Size: 160)
[DEBUG | dusk] Loading Resource: im_map_icon_nijumaru_4i.bti (Size: 160)
[DEBUG | dusk] Loading Resource: im_map_icon_square_4i.bti (Size: 64)
[DEBUG | dusk] Loading Resource: im_map_icon_tresurebox_4i.bti (Size: 64)
[DEBUG | dusk] Loading Resource: im_map_icon_try_force_4i.bti (Size: 160)
[DEBUG | dusk] Loading Resource: map_icon_circle16x16_4i.bti (Size: 160)
[DEBUG | dusk] Loading Resource: moya.bti (Size: 1056)
[DEBUG | dusk] Loading Resource: rope.bti (Size: 160)
[DEBUG | dusk] Loading Resource: snow.bti (Size: 160)
[DEBUG | dusk] Loading Resource: snow_tex.bti (Size: 1056)
[DEBUG | dusk] Loading Resource: txa_ring_a_32hafe.bti (Size: 544)
[DEBUG | dusk] Loading Resource: txa_tuki_as.bti (Size: 2080)
[DEBUG | dusk] Loading Resource: txa_tuki_bs.bti (Size: 2080)
[DEBUG | dusk] Loading Resource: txa_tuki_cs.bti (Size: 2080)
[DEBUG | dusk] Loading Resource: txa_tuki_ds.bti (Size: 2080)
[DEBUG | dusk] Loading Resource: vr_lenzf_tex.bti (Size: 1056)
[DEBUG | dusk] Loading Resource: warp_tex.bti (Size: 1056)
[DEBUG | dusk] Loading Resource: zl2_polygon_ia8 (Size: 64)
[DEBUG | dusk] Loading Resource: crod_ball_revive_demo.bck (Size: 288)
[DEBUG | dusk] Loading Resource: crod_ball_wait_a.bck (Size: 288)
[DEBUG | dusk] Loading Resource: crod_ball_wait_a_t.bck (Size: 288)
[DEBUG | dusk] Loading Resource: crod_ball_wait_a_t_start.bck (Size: 288)
[DEBUG | dusk] Loading Resource: crod_ball_wait_b.bck (Size: 352)
[DEBUG | dusk] Loading Resource: crod_ball_wait_c.bck (Size: 384)
[DEBUG | dusk] Loading Resource: ef_shippu.bck (Size: 544)
[DEBUG | dusk] Loading Resource: pb_move.bck (Size: 2816)
[DEBUG | dusk] Loading Resource: pb_wait.bck (Size: 928)
[DEBUG | dusk] Loading Resource: spout.bck (Size: 1088)
[DEBUG | dusk] Loading Resource: ef_setboom.bmd (Size: 15392)
[DEBUG | dusk] Loading Resource: al_arrow.bmd (Size: 5024)
[DEBUG | dusk] Loading Resource: al_arrowb.bmd (Size: 9696)
[DEBUG | dusk] Loading Resource: al_bomb.bmd (Size: 11104)
[DEBUG | dusk] Loading Resource: al_boom.bmd (Size: 20000)
[DEBUG | dusk] Loading Resource: al_pachi_nut.bmd (Size: 2176)
[DEBUG | dusk] Loading Resource: al_sp.bmd (Size: 21824)
[DEBUG | dusk] Loading Resource: crod_ball.bmd (Size: 3840)
[DEBUG | dusk] Loading Resource: footmark.bmd (Size: 2272)
[DEBUG | dusk] Loading Resource: hk.bmd (Size: 3648)
[DEBUG | dusk] Loading Resource: inochidama.bmd (Size: 13120)
[DEBUG | dusk] Loading Resource: pb.bmd (Size: 34976)
[DEBUG | dusk] Loading Resource: pg.bmd (Size: 20736)
[DEBUG | dusk] Loading Resource: rod_ukia.bmd (Size: 4384)
[DEBUG | dusk] Loading Resource: rod_ukib.bmd (Size: 2656)
[DEBUG | dusk] Loading Resource: rod_ukic.bmd (Size: 2656)
[DEBUG | dusk] Loading Resource: sango_fook.bmd (Size: 9984)
[DEBUG | dusk] Loading Resource: sfook.bmd (Size: 3456)
[DEBUG | dusk] Loading Resource: uki.bmd (Size: 4928)
[DEBUG | dusk] Loading Resource: uki_saki.bmd (Size: 4160)
[DEBUG | dusk] Loading Resource: wl_change.bmd (Size: 44256)
[DEBUG | dusk] Loading Resource: worm.bmd (Size: 8256)
[DEBUG | dusk] Loading Resource: worm_hole.bmd (Size: 2816)
[DEBUG | dusk] Loading Resource: ef_shippu.bmd (Size: 33216)
[DEBUG | dusk] Loading Resource: al_podm.bmd (Size: 21504)
[DEBUG | dusk] Loading Resource: al_swm.bmd (Size: 22720)
[DEBUG | dusk] Loading Resource: al_poda.bmd (Size: 12032)
[DEBUG | dusk] Loading Resource: al_swa.bmd (Size: 11808)
[DEBUG | dusk] Loading Resource: al_swm.brk (Size: 256)
[DEBUG | dusk] Loading Resource: crod_ball.brk (Size: 736)
[DEBUG | dusk] Loading Resource: inochidama.brk (Size: 288)
[DEBUG | dusk] Loading Resource: al_swa.btk (Size: 320)
[DEBUG | dusk] Loading Resource: al_swm.btk (Size: 320)
[DEBUG | dusk] Loading Resource: crod_ball.btk (Size: 416)
[DEBUG | dusk] Loading Resource: ef_setboom.btk (Size: 704)
[DEBUG | dusk] Loading Resource: ef_shippu.btk (Size: 1120)
[DEBUG | dusk] Loading Resource: inochidama.btk (Size: 672)
[DEBUG | dusk] Loading Resource: zelda_v_cursor_new_orange.blo (Size: 2368)
[DEBUG | dusk] Loading Resource: zelda_v_cursor_new_orange.brk (Size: 320)
[DEBUG | dusk] Loading Resource: zelda_v_cursor_new_orange_02.brk (Size: 384)
[DEBUG | dusk] Loading Resource: zelda_v_cursor_new_red.blo (Size: 2368)
[DEBUG | dusk] Loading Resource: zelda_v_cursor_new_red.brk (Size: 320)
[DEBUG | dusk] Loading Resource: zelda_v_cursor_new_red_02.brk (Size: 384)
[DEBUG | dusk] Loading Resource: zelda_v_cursor_new_yellow.bck (Size: 2016)
[DEBUG | dusk] Loading Resource: zelda_v_cursor_new_yellow.blo (Size: 2336)
[DEBUG | dusk] Loading Resource: zelda_v_cursor_new_yellow.bpk (Size: 448)
[DEBUG | dusk] Loading Resource: zelda_v_cursor_new_yellow.brk (Size: 320)
[DEBUG | dusk] Loading Resource: zelda_v_cursor_new_yellow_02.brk (Size: 352)
[DEBUG | dusk] Loading Resource: blur.bti (Size: 96)
[DEBUG | dusk] Loading Resource: rock_mark.bti (Size: 544)
[DEBUG | dusk] Loading Resource: tt_v_point_128_00_4ia_02.bti (Size: 16416)
[DEBUG | dusk] Loading Resource: tt_map_icon_link_40_4ia_00.bti (Size: 1632)
[DEBUG | dusk] Loading Resource: tt_navi_l.bti (Size: 544)
[DEBUG | dusk] fapGm_Execute frame=7
[DEBUG | dusk] dScnLogo_c::draw: mExecCommand=14 mTimer=0
[DEBUG | dusk] fapGm_Execute frame=8
[DEBUG | dusk] dScnLogo_c::draw: mExecCommand=14 mTimer=0
[DEBUG | dusk] fapGm_Execute frame=9
[DEBUG | dusk] dScnLogo_c::draw: mExecCommand=15 mTimer=0
[DEBUG | dusk] fpcNdRq_Handler: queue size=1
[DEBUG | dusk] [DIAG] fpcSCtRq_phase_Load: procName=0 ret=4
[DEBUG | dusk] fpcSCtRq_phase_CreateProcess: procName=0
[DEBUG | dusk] fpcBs_Create: pid=2 profname=fpcNm_OVERLAP0_e (0) profile=0x73fb15bb18 procSize=384 unkSize=0
[DEBUG | dusk] fpcSCtRq_phase_CreateProcess: fpcBs_Create OK proc=0xb4000072bf3f58a8
[DEBUG | dusk] fpcSCtRq_phase_SubCreateProcess: pid=2 procName=0000 ret=2
[DEBUG | dusk] fpcCtRq_Do: phase=4 process=0xb4000072bf3f58a8
[DEBUG | dusk] dScnLogo_c::draw: mExecCommand=15 mTimer=0
[DEBUG | dusk] fpcNdRq_Handler: queue size=1
[DEBUG | dusk] dScnLogo_c::draw: mExecCommand=15 mTimer=0
[DEBUG | dusk] fpcNdRq_Handler: queue size=1
[DEBUG | dusk] dScnLogo_c::draw: mExecCommand=15 mTimer=0
[DEBUG | dusk] fpcNdRq_Handler: queue size=1
[DEBUG | dusk] dScnLogo_c::draw: mExecCommand=15 mTimer=0
[DEBUG | dusk] fpcNdRq_Handler: queue size=1
[DEBUG | dusk] fpcNdRq_Handler: queue size=1
[DEBUG | dusk] fpcNdRq_Handler: queue size=1
[DEBUG | dusk] fpcNdRq_Handler: queue size=1
[DEBUG | dusk] fpcNdRq_Handler: queue size=1
[DEBUG | dusk] fpcNdRq_Handler: queue size=1
[DEBUG | dusk] fpcNdRq_Handler: queue size=1
[DEBUG | dusk] fpcNdRq_Handler: queue size=1
[DEBUG | dusk] fpcNdRq_Handler: queue size=1
[DEBUG | dusk] fpcNdRq_Handler: queue size=1
[DEBUG | dusk] fpcNdRq_Handler: queue size=1
[DEBUG | dusk] fpcNdRq_Handler: queue size=1
[DEBUG | dusk] fpcNdRq_Handler: queue size=1
[DEBUG | dusk] fpcNdRq_Handler: queue size=1
[DEBUG | dusk] fpcNdRq_Handler: queue size=1
[DEBUG | dusk] fpcNdRq_Handler: queue size=1
[DEBUG | dusk] fpcNdRq_Handler: queue size=1
[DEBUG | dusk] fpcNdRq_Handler: queue size=1
[DEBUG | dev.twilitrealm.cosmetics] Loaded base texture data for al_SP. size: 800 hash: 8F18F04BC30C8091
[DEBUG | dev.twilitrealm.cosmetics] Loaded base texture data for L_al_boom00. size: 2000 hash: A0B9537632BF5353
[DEBUG | dev.twilitrealm.cosmetics] Loaded base texture data for al_SWM. size: 800 hash: B28F966CE362E1B0
[DEBUG | dev.twilitrealm.cosmetics] Loaded base texture data for al_SWgripM. size: 800 hash: 9C3E2139933B9BEF
[DEBUG | dev.twilitrealm.cosmetics] Loaded base texture data for al_SWA. size: 800 hash: 91A45C6361D59DE5
[DEBUG | dev.twilitrealm.cosmetics] Loaded base texture data for al_SWgripA. size: 400 hash: 5EAEFD04199EDE61
[DEBUG | dusk] fpcNdRq_Handler: queue size=1
[DEBUG | dusk] fpcNdRq_Handler: queue size=1
[DEBUG | dusk] fpcNdRq_Handler: queue size=1
[INFO | aurora::card] CARD API Initialized BUILT <Sep 30 2026 13:39:06>
[INFO | aurora::card] Loaded GC Card Image: /data/data/dev.twilitrealm.dusk/files/USA/Card A
[INFO | dusk::mods::updates] Checked 28 installed mods for updates
[DEBUG | dusk] fopScnRq_phase_Execute: ret=0 name=12
[DEBUG | dusk] fopScnRq_phase_Execute: ret=0 name=12
[INFO | dev.baxlek.zelda_on_epona] Pscene181.jpc loaded as particle bank 2, resource heap has 644752 bytes free
[DEBUG | dusk] fpcNdRq_phase_Create: name=12 layer=0x73fb38f418
[DEBUG | dusk] fpcNdRq_phase_Create: creating_id=3 (error=4294967295)
[DEBUG | dusk] fopScnRq_phase_Execute: ret=0 name=12
[DEBUG | dusk] [DIAG] fpcSCtRq_phase_Load: procName=12 ret=4
[DEBUG | dusk] fpcSCtRq_phase_CreateProcess: procName=12
[DEBUG | dusk] fpcBs_Create: pid=3 profname=fpcNm_OPENING_SCENE_e (12) profile=0x73fb15c2a8 procSize=912 unkSize=0
[DEBUG | dusk] fpcSCtRq_phase_CreateProcess: fpcBs_Create OK proc=0xb4000072bf3f5af0
[DEBUG | dusk] fpcSCtRq_phase_SubCreateProcess: pid=3 procName=000c ret=0
[DEBUG | dusk] fpcCtRq_Do: phase=0 process=0xb4000072bf3f5af0
[DEBUG | dusk] fopScnRq_phase_Execute: ret=0 name=12
[DEBUG | dusk] Loading Resource: vrbox_kasumim.bmd (Size: 2272)
[DEBUG | dusk] Loading Resource: vrbox_kumo.bmd (Size: 69664)
[DEBUG | dusk] Loading Resource: vrbox_sora.bmd (Size: 6624)
[DEBUG | dusk] Loading Resource: vrbox_sun.bmd (Size: 12032)
[DEBUG | dusk] Loading Resource: vrbox_sun.btk (Size: 320)
[DEBUG | dusk] Loading Resource: colordata_tbl.dat (Size: 800)
[DEBUG | dusk] Loading Resource: pol_arg.dat (Size: 128)
[DEBUG | dusk] Loading Resource: pol_effcol.dat (Size: 128)
[DEBUG | dusk] Loading Resource: pol_effcol2.dat (Size: 128)
[DEBUG | dusk] Loading Resource: pol_efftbl.dat (Size: 128)
[DEBUG | dusk] Loading Resource: pol_efftbl2.dat (Size: 128)
[DEBUG | dusk] Loading Resource: pol_sound.dat (Size: 128)
[DEBUG | dusk] Loading Resource: room0.dzs (Size: 5440)
[DEBUG | dusk] Loading Resource: stage.dzs (Size: 1952)
[DEBUG | dusk] Loading Resource: cloudtx_01.bti (Size: 4128)
[DEBUG | dusk] Loading Resource: cloudtx_02.bti (Size: 4128)
[DEBUG | dusk] Loading Resource: cloudtx_03.bti (Size: 4128)
[DEBUG | dusk] Loading Resource: f_moon.bti (Size: 8224)
[DEBUG | dusk] Loading Resource: f_moon_a.bti (Size: 2080)
[DEBUG | dusk] Loading Resource: f_moon_a_a00.bti (Size: 64)
[DEBUG | dusk] Loading Resource: f_moon_a_a01.bti (Size: 544)
[DEBUG | dusk] Loading Resource: f_moon_a_a02.bti (Size: 544)
[DEBUG | dusk] Loading Resource: f_moon_a_a03.bti (Size: 544)
[DEBUG | dusk] fpcSCtRq_phase_SubCreateProcess: pid=3 procName=000c ret=0
[DEBUG | dusk] fpcCtRq_Do: phase=0 process=0xb4000072bf3f5af0
[DEBUG | dusk] fopScnRq_phase_Execute: ret=0 name=12
[DEBUG | dusk] Loading Resource: event_list.dat (Size: 106476)
[DEBUG | dusk] Loading Resource: camstyle.dat (Size: 43328)
[DEBUG | dusk] Loading Resource: camtype.dat (Size: 14560)
[DEBUG | dusk] fpcSCtRq_phase_SubCreateProcess: pid=3 procName=000c ret=0
[DEBUG | dusk] fpcCtRq_Do: phase=0 process=0xb4000072bf3f5af0
[DEBUG | dusk] fopScnRq_phase_Execute: ret=0 name=12
[DEBUG | dusk] fopScnM_CreateReq: procName=18 fade=32767
[DEBUG | dusk] fopScnM_CreateReq: result=2 (error=4294967295)
[DEBUG | dusk] fpcBs_Create: pid=7 profname=fpcNm_KANKYO_e (19) profile=0x73fb156e60 procSize=440 unkSize=0
[DEBUG | dusk] fpcBs_Create: pid=9 profname=fpcNm_KYEFF_e (785) profile=0x73fb156eb0 procSize=440 unkSize=0
[DEBUG | dusk] fpcBs_Create: pid=11 profname=fpcNm_KYEFF2_e (786) profile=0x73fb156ef0 procSize=440 unkSize=0
[DEBUG | dusk] fpcBs_Create: pid=13 profname=fpcNm_ENVSE_e (21) profile=0x73fb155f20 procSize=456 unkSize=0
[DEBUG | dusk] fpcSCtRq_phase_SubCreateProcess: pid=3 procName=000c ret=2
[DEBUG | dusk] fpcCtRq_Do: phase=0 process=0xb4000072bf3f5af0
[DEBUG | dusk] fopScnRq_phase_Execute: ret=0 name=12
[DEBUG | dusk] fpcNdRq_phase_Create: name=18 layer=0xb4000072bf3f5c48
[DEBUG | dusk] fpcNdRq_phase_Create: creating_id=16 (error=4294967295)
[DEBUG | dusk] fopScnRq_phase_Execute: ret=0 name=18
[DEBUG | dusk] fpcCtRq_Do: phase=0 process=0xb4000072bf3f5af0
[DEBUG | dusk] [DIAG] fpcSCtRq_phase_Load: procName=737 ret=4
[DEBUG | dusk] fpcSCtRq_phase_CreateProcess: procName=737
[DEBUG | dusk] fpcBs_Create: pid=4 profname=fpcNm_TITLE_e (737) profile=0x73fb199c90 procSize=1872 unkSize=0
[DEBUG | dusk] fpcSCtRq_phase_CreateProcess: fpcBs_Create OK proc=0xb4000072bf3f4084
[DEBUG | dusk] fpcSCtRq_phase_SubCreateProcess: pid=4 procName=02e1 ret=0
[DEBUG | dusk] fpcCtRq_Do: phase=0 process=0xb4000072bf3f4084
[DEBUG | dusk] [DIAG] fpcSCtRq_phase_Load: procName=781 ret=4
[DEBUG | dusk] fpcSCtRq_phase_CreateProcess: procName=781
[DEBUG | dusk] fpcBs_Create: pid=5 profname=fpcNm_CAMERA_e (781) profile=0x73fb155d68 procSize=4240 unkSize=0
[DEBUG | dusk] fpcSCtRq_phase_CreateProcess: fpcBs_Create OK proc=0xb4000072bf3f2fd4
[DEBUG | dusk] fpcSCtRq_phase_SubCreateProcess: pid=5 procName=030d ret=0
[DEBUG | dusk] fpcCtRq_Do: phase=0 process=0xb4000072bf3f2fd4
[DEBUG | dusk] fpcCtRq_Do: phase=4 process=0xb4000072bf3f526c
[DEBUG | dusk] fpcCtRq_Do: phase=4 process=0xb4000072bf3f4fd4
[DEBUG | dusk] fpcCtRq_Do: phase=4 process=0xb4000072bf3f4d3c
[DEBUG | dusk] fpcCtRq_Do: phase=4 process=0xb4000072bf3f4a94
[DEBUG | dusk] [DIAG] fpcSCtRq_phase_Load: procName=730 ret=4
[DEBUG | dusk] fpcSCtRq_phase_CreateProcess: procName=730
[DEBUG | dusk] fpcBs_Create: pid=14 profname=fpcNm_VRBOX_e (730) profile=0x73fb162078 procSize=1648 unkSize=0
[DEBUG | dusk] fpcSCtRq_phase_CreateProcess: fpcBs_Create OK proc=0xb4000072bf3f2944
[DEBUG | dusk] fpcSCtRq_phase_SubCreateProcess: pid=14 procName=02da ret=2
[DEBUG | dusk] fpcCtRq_Do: phase=4 process=0xb4000072bf3f2944
[DEBUG | dusk] [DIAG] fpcSCtRq_phase_Load: procName=731 ret=4
[DEBUG | dusk] fpcSCtRq_phase_CreateProcess: procName=731
[DEBUG | dusk] fpcBs_Create: pid=15 profname=fpcNm_VRBOX2_e (731) profile=0x73fb162130 procSize=1720 unkSize=0
[DEBUG | dusk] fpcSCtRq_phase_CreateProcess: fpcBs_Create OK proc=0xb4000072bf3f226c
[DEBUG | dusk] fpcSCtRq_phase_SubCreateProcess: pid=15 procName=02db ret=2
[DEBUG | dusk] fpcCtRq_Do: phase=4 process=0xb4000072bf3f226c
[DEBUG | dusk] [DIAG] fpcSCtRq_phase_Load: procName=18 ret=4
[DEBUG | dusk] fpcSCtRq_phase_CreateProcess: procName=18
[DEBUG | dusk] fpcBs_Create: pid=16 profname=fpcNm_ROOM_SCENE_e (18) profile=0x73fb15c388 procSize=912 unkSize=0
[DEBUG | dusk] fpcSCtRq_phase_CreateProcess: fpcBs_Create OK proc=0xb4000072bf3f1ebc
[DEBUG | dusk] fpcSCtRq_phase_SubCreateProcess: pid=16 procName=0012 ret=0
[DEBUG | dusk] fpcCtRq_Do: phase=0 process=0xb4000072bf3f1ebc
[DEBUG | dusk] fopScnRq_phase_Execute: ret=0 name=12
[DEBUG | dusk] fopScnRq_phase_Execute: ret=0 name=18
[DEBUG | dusk] fpcCtRq_Do: phase=0 process=0xb4000072bf3f5af0
[DEBUG | dusk] Loading Resource: titlelogo.bck (Size: 704)
[DEBUG | dusk] Loading Resource: titlelogo_r.bmd (Size: 1995456)
[DEBUG | dusk] Loading Resource: titlelogo.bpk (Size: 576)
[DEBUG | dusk] Loading Resource: titlelogo.brk (Size: 704)
[DEBUG | dusk] Loading Resource: titlelogo.btk (Size: 672)
[DEBUG | dusk] fpcSCtRq_phase_SubCreateProcess: pid=4 procName=02e1 ret=2
[DEBUG | dusk] fpcCtRq_Do: phase=4 process=0xb4000072bf3f4084
[DEBUG | dusk] fpcSCtRq_phase_SubCreateProcess: pid=5 procName=030d ret=0
[DEBUG | dusk] fpcCtRq_Do: phase=0 process=0xb4000072bf3f2fd4
[DEBUG | dusk] Loading Resource: model.bmd (Size: 927520)
[DEBUG | dusk] Loading Resource: model1.bmd (Size: 7488)
[DEBUG | dusk] Loading Resource: model2.bmd (Size: 22752)
[DEBUG | dusk] Loading Resource: model3.bmd (Size: 166848)
[DEBUG | dusk] Loading Resource: model4.bmd (Size: 10400)
[DEBUG | dusk] Loading Resource: model.btk (Size: 576)
[DEBUG | dusk] Loading Resource: model1.btk (Size: 320)
[DEBUG | dusk] Loading Resource: model2.btk (Size: 352)
[DEBUG | dusk] Loading Resource: model4.btk (Size: 320)
[DEBUG | dusk] Loading Resource: room.dzr (Size: 7456)
[DEBUG | dusk] Loading Resource: event_list.dat (Size: 5304)
[DEBUG | dusk] Loading Resource: room.kcl (Size: 449804)
[DEBUG | dusk] Loading Resource: room.plc (Size: 608)
[DEBUG | dusk] fpcSCtRq_phase_SubCreateProcess: pid=16 procName=0012 ret=0
[DEBUG | dusk] fpcCtRq_Do: phase=0 process=0xb4000072bf3f1ebc
[DEBUG | dusk] fopScnRq_phase_Execute: ret=0 name=12
[DEBUG | dusk] fopScnRq_phase_Execute: ret=0 name=18
[DEBUG | dusk] fpcCtRq_Do: phase=0 process=0xb4000072bf3f5af0
[DEBUG | dusk] fpcSCtRq_phase_SubCreateProcess: pid=5 procName=030d ret=0
[DEBUG | dusk] fpcCtRq_Do: phase=0 process=0xb4000072bf3f2fd4
[DEBUG | dusk] Loading Resource: demo38_wl_cut01_gp_1_o.bck (Size: 8000)
[DEBUG | dusk] Loading Resource: demo38_wl_cut01_gp_1_l.bck (Size: 5088)
[DEBUG | dusk] Loading Resource: demo38_wl_cut00_gp_1_o.bmd (Size: 239584)
[DEBUG | dusk] Loading Resource: demo38_twfilm_cut00_gp_1_o.bmd (Size: 45376)
[DEBUG | dusk] Loading Resource: demo38_01.stb (Size: 9368)
[DEBUG | dusk] Loading Resource: demo38_twfilm_cut00_gp_1_l.btk (Size: 832)
[DEBUG | dusk] fpcSCtRq_phase_SubCreateProcess: pid=16 procName=0012 ret=0
[DEBUG | dusk] fpcCtRq_Do: phase=0 process=0xb4000072bf3f1ebc
[DEBUG | dusk] [DIAG] fpcSCtRq_phase_Load: procName=253 ret=4
[DEBUG | dusk] fpcSCtRq_phase_CreateProcess: procName=253
[DEBUG | dusk] fpcBs_Create: pid=17 profname=fpcNm_ALINK_e (253) profile=0x73fb152250 procSize=18784 unkSize=0
[DEBUG | dusk] fpcSCtRq_phase_CreateProcess: fpcBs_Create OK proc=0xb4000072bf3ec238
[DEBUG | dusk] fpcSCtRq_phase_SubCreateProcess: pid=17 procName=00fd ret=0
[DEBUG | dusk] fpcCtRq_Do: phase=0 process=0xb4000072bf3ec238
[DEBUG | dusk] [DIAG] fpcSCtRq_phase_Load: procName=732 ret=4
[DEBUG | dusk] fpcSCtRq_phase_CreateProcess: procName=732
[DEBUG | dusk] fpcBs_Create: pid=18 profname=fpcNm_BG_e (732) profile=0x73fb15f3f8 procSize=1904 unkSize=0
[DEBUG | dusk] fpcSCtRq_phase_CreateProcess: fpcBs_Create OK proc=0xb4000072bf3ebaa8
[DEBUG | dusk] fpcCtRq_Do: phase=4 process=0xb4000072bf3ebaa8
[DEBUG | dusk] [DIAG] fpcSCtRq_phase_Load: procName=222 ret=4
[DEBUG | dusk] fpcSCtRq_phase_CreateProcess: procName=222
[DEBUG | dusk] fpcBs_Create: pid=19 profname=fpcNm_OBJ_IHASI_e (222) profile=0x73fb187470 procSize=1752 unkSize=0
[DEBUG | dusk] fpcSCtRq_phase_CreateProcess: fpcBs_Create OK proc=0xb4000072bf3eb3b0
[DEBUG | dusk] fpcCtRq_Do: phase=0 process=0xb4000072bf3eb3b0
[DEBUG | dusk] [DIAG] fpcSCtRq_phase_Load: procName=187 ret=4
[DEBUG | dusk] fpcSCtRq_phase_CreateProcess: procName=187
[DEBUG | dusk] fpcBs_Create: pid=20 profname=fpcNm_CSTAF_e (187) profile=0x73fb1630f8 procSize=3824 unkSize=0
[DEBUG | dusk] fpcSCtRq_phase_CreateProcess: fpcBs_Create OK proc=0xb4000072bf3ea4a0
[DEBUG | dusk] fpcCtRq_Do: phase=0 process=0xb4000072bf3ea4a0
[DEBUG | dusk] [DIAG] fpcSCtRq_phase_Load: procName=733 ret=4
[DEBUG | dusk] fpcSCtRq_phase_CreateProcess: procName=733
[DEBUG | dusk] fpcBs_Create: pid=21 profname=fpcNm_SET_BG_OBJ_e (733) profile=0x73fb160f08 procSize=1664 unkSize=0
[DEBUG | dusk] fpcSCtRq_phase_CreateProcess: fpcBs_Create OK proc=0xb4000072bf3e9e00
[DEBUG | dusk] [DIAG] fpcSCtRq_phase_Load: procName=238 ret=4
[DEBUG | dusk] fpcSCtRq_phase_CreateProcess: procName=238
[DEBUG | dusk] fpcBs_Create: pid=22 profname=fpcNm_HORSE_e (238) profile=0x73fb16fd10 procSize=8464 unkSize=0
[DEBUG | dusk] fpcSCtRq_phase_CreateProcess: fpcBs_Create OK proc=0xb4000072bf3e7cd0
[DEBUG | dusk] [DIAG] fpcSCtRq_phase_Load: procName=784 ret=4
[DEBUG | dusk] fpcSCtRq_phase_CreateProcess: procName=784
[DEBUG | dusk] fpcBs_Create: pid=23 profname=fpcNm_GRASS_e (784) profile=0x73fb163ae8 procSize=1640 unkSize=0
[DEBUG | dusk] fpcSCtRq_phase_CreateProcess: fpcBs_Create OK proc=0xb4000072bf3e7648
[DEBUG | dusk] [DIAG] fpcSCtRq_phase_Load: procName=784 ret=4
[DEBUG | dusk] fpcSCtRq_phase_CreateProcess: procName=784
[DEBUG | dusk] fpcBs_Create: pid=24 profname=fpcNm_GRASS_e (784) profile=0x73fb163ae8 procSize=1640 unkSize=0
[DEBUG | dusk] fpcSCtRq_phase_CreateProcess: fpcBs_Create OK proc=0xb4000072bf3e6fc0
[DEBUG | dusk] [DIAG] fpcSCtRq_phase_Load: procName=784 ret=4
[DEBUG | dusk] fpcSCtRq_phase_CreateProcess: procName=784
[DEBUG | dusk] fpcBs_Create: pid=25 profname=fpcNm_GRASS_e (784) profile=0x73fb163ae8 procSize=1640 unkSize=0
[DEBUG | dusk] fpcSCtRq_phase_CreateProcess: fpcBs_Create OK proc=0xb4000072bf3e6938
[DEBUG | dusk] [DIAG] fpcSCtRq_phase_Load: procName=784 ret=4
[DEBUG | dusk] fpcSCtRq_phase_CreateProcess: procName=784
[DEBUG | dusk] fpcBs_Create: pid=26 profname=fpcNm_GRASS_e (784) profile=0x73fb163ae8 procSize=1640 unkSize=0
[DEBUG | dusk] fpcSCtRq_phase_CreateProcess: fpcBs_Create OK proc=0xb4000072bf3e62b0
[DEBUG | dusk] [DIAG] fpcSCtRq_phase_Load: procName=784 ret=4
[DEBUG | dusk] fpcSCtRq_phase_CreateProcess: procName=784
[DEBUG | dusk] fpcBs_Create: pid=27 profname=fpcNm_GRASS_e (784) profile=0x73fb163ae8 procSize=1640 unkSize=0
[DEBUG | dusk] fpcSCtRq_phase_CreateProcess: fpcBs_Create OK proc=0xb4000072bf3e5c28
[DEBUG | dusk] [DIAG] fpcSCtRq_phase_Load: procName=784 ret=4
[DEBUG | dusk] fpcSCtRq_phase_CreateProcess: procName=784
[DEBUG | dusk] fpcBs_Create: pid=28 profname=fpcNm_GRASS_e (784) profile=0x73fb163ae8 procSize=1640 unkSize=0
[DEBUG | dusk] fpcSCtRq_phase_CreateProcess: fpcBs_Create OK proc=0xb4000072bf3e55a0
[DEBUG | dusk] [DIAG] fpcSCtRq_phase_Load: procName=333 ret=4
[DEBUG | dusk] fpcSCtRq_phase_CreateProcess: procName=333
[DEBUG | dusk] fpcBs_Create: pid=29 profname=fpcNm_Obj_Yobikusa_e (333) profile=0x73fb1680c8 procSize=2360 unkSize=0
[DEBUG | dusk] fpcSCtRq_phase_CreateProcess: fpcBs_Create OK proc=0xb4000072bf3e4c48
[DEBUG | dusk] [DIAG] fpcSCtRq_phase_Load: procName=333 ret=4
[DEBUG | dusk] fpcSCtRq_phase_CreateProcess: procName=333
[DEBUG | dusk] fpcBs_Create: pid=30 profname=fpcNm_Obj_Yobikusa_e (333) profile=0x73fb1680c8 procSize=2360 unkSize=0
[DEBUG | dusk] fpcSCtRq_phase_CreateProcess: fpcBs_Create OK proc=0xb4000072bf3e42f0
[DEBUG | dusk] [DIAG] fpcSCtRq_phase_Load: procName=333 ret=4
[DEBUG | dusk] fpcSCtRq_phase_CreateProcess: procName=333
[DEBUG | dusk] fpcBs_Create: pid=31 profname=fpcNm_Obj_Yobikusa_e (333) profile=0x73fb1680c8 procSize=2360 unkSize=0
[DEBUG | dusk] fpcSCtRq_phase_CreateProcess: fpcBs_Create OK proc=0xb4000072bf3e3998
[DEBUG | dusk] [DIAG] fpcSCtRq_phase_Load: procName=333 ret=4
[DEBUG | dusk] fpcSCtRq_phase_CreateProcess: procName=333
[DEBUG | dusk] fpcBs_Create: pid=32 profname=fpcNm_Obj_Yobikusa_e (333) profile=0x73fb1680c8 procSize=2360 unkSize=0
[DEBUG | dusk] fpcSCtRq_phase_CreateProcess: fpcBs_Create OK proc=0xb4000072bf3e3040
[DEBUG | dusk] [DIAG] fpcSCtRq_phase_Load: procName=333 ret=4
[DEBUG | dusk] fpcSCtRq_phase_CreateProcess: procName=333
[DEBUG | dusk] fpcBs_Create: pid=33 profname=fpcNm_Obj_Yobikusa_e (333) profile=0x73fb1680c8 procSize=2360 unkSize=0
[DEBUG | dusk] fpcSCtRq_phase_CreateProcess: fpcBs_Create OK proc=0xb4000072bf3e26e8
[DEBUG | dusk] [DIAG] fpcSCtRq_phase_Load: procName=333 ret=4
[DEBUG | dusk] fpcSCtRq_phase_CreateProcess: procName=333
[DEBUG | dusk] fpcBs_Create: pid=34 profname=fpcNm_Obj_Yobikusa_e (333) profile=0x73fb1680c8 procSize=2360 unkSize=0
[DEBUG | dusk] fpcSCtRq_phase_CreateProcess: fpcBs_Create OK proc=0xb4000072bf3e1d90
[DEBUG | dusk] [DIAG] fpcSCtRq_phase_Load: procName=733 ret=4
[DEBUG | dusk] fpcSCtRq_phase_CreateProcess: procName=733
[DEBUG | dusk] fpcBs_Create: pid=35 profname=fpcNm_SET_BG_OBJ_e (733) profile=0x73fb160f08 procSize=1664 unkSize=0
[DEBUG | dusk] fpcSCtRq_phase_CreateProcess: fpcBs_Create OK proc=0xb4000072bf3e16f0
[DEBUG | dusk] [DIAG] fpcSCtRq_phase_Load: procName=733 ret=4
[DEBUG | dusk] fpcSCtRq_phase_CreateProcess: procName=733
[DEBUG | dusk] fpcBs_Create: pid=36 profname=fpcNm_SET_BG_OBJ_e (733) profile=0x73fb160f08 procSize=1664 unkSize=0
[DEBUG | dusk] fpcSCtRq_phase_CreateProcess: fpcBs_Create OK proc=0xb4000072bf3e1050
[DEBUG | dusk] [DIAG] fpcSCtRq_phase_Load: procName=733 ret=4
[DEBUG | dusk] fpcSCtRq_phase_CreateProcess: procName=733
[DEBUG | dusk] fpcBs_Create: pid=37 profname=fpcNm_SET_BG_OBJ_e (733) profile=0x73fb160f08 procSize=1664 unkSize=0
[DEBUG | dusk] fpcSCtRq_phase_CreateProcess: fpcBs_Create OK proc=0xb4000072bf3e09b0
[DEBUG | dusk] fopScnRq_phase_Execute: ret=0 name=12
[DEBUG | dusk] fopScnRq_phase_Execute: ret=0 name=18
[DEBUG | dusk] Loading Resource: al_kantera.bmd (Size: 21024)
[DEBUG | dusk] Loading Resource: ef_ktglow.bmd (Size: 3040)
[DEBUG | dusk] Loading Resource: al.bmd (Size: 176288)
[DEBUG | dusk] Loading Resource: al_bootsh.bmd (Size: 22048)
[DEBUG | dusk] Loading Resource: al_face.bmd (Size: 72576)
[DEBUG | dusk] Loading Resource: al_hands.bmd (Size: 61056)
[DEBUG | dusk] Loading Resource: al_head.bmd (Size: 33851)
[DEBUG | dusk] Loading Resource: al_swb.bmd (Size: 23552)
[DEBUG | dusk] Loading Resource: ef_ktglow.btk (Size: 512)
[DEBUG | dusk] Loading Resource: i_bajyohasiparts.bmd (Size: 76032)
[DEBUG | dusk] Loading Resource: i_bajyohasiparts_ef.bmd (Size: 37088)
[DEBUG | dusk] Loading Resource: i_bajyohasiparts_ef.btk (Size: 512)
[DEBUG | dusk] Loading Resource: i_bajyohasiparts.dzb (Size: 6848)
[DEBUG | dusk] Loading Resource: cs_f_b_fall.bck (Size: 448)
[DEBUG | dusk] Loading Resource: cs_f_b_swing_reaction.bck (Size: 416)
[DEBUG | dusk] Loading Resource: cs_f_b_walk.bck (Size: 544)
[DEBUG | dusk] Loading Resource: cs_f_b.bmd (Size: 66176)
[DEBUG | dusk] Loading Resource: cs_f_cover.bmd (Size: 30112)
[DEBUG | dusk] Loading Resource: cs_f_b_start.brk (Size: 352)
[DEBUG | dusk] Loading Resource: cs_f_b_stop.brk (Size: 320)
[DEBUG | dusk] Loading Resource: cs_f_cover_vanish.brk (Size: 544)
[DEBUG | dusk] Loading Resource: cs_f_b_start.btk (Size: 512)
[DEBUG | dusk] Loading Resource: cs_f_cover_vanish.btk (Size: 896)
[DEBUG | dusk] Loading Resource: cs_f_b.dzb (Size: 544)
[DEBUG | dusk] Loading Resource: model0.bmd (Size: 22624)
[DEBUG | dusk] Loading Resource: spec.dat (Size: 16)
[DEBUG | dusk] Loading Resource: hs_back_walk.bck (Size: 5536)
[DEBUG | dusk] Loading Resource: hs_back_walk_start.bck (Size: 6304)
[DEBUG | dusk] Loading Resource: hs_excitement.bck (Size: 11968)
[DEBUG | dusk] Loading Resource: hs_excitement_2.bck (Size: 14144)
[DEBUG | dusk] Loading Resource: hs_jump_end.bck (Size: 5344)
[DEBUG | dusk] Loading Resource: hs_jump_middle.bck (Size: 4640)
[DEBUG | dusk] Loading Resource: hs_jump_start.bck (Size: 4832)
[DEBUG | dusk] Loading Resource: hs_jump_start_clift.bck (Size: 5248)
[DEBUG | dusk] Loading Resource: hs_lash.bck (Size: 3200)
[DEBUG | dusk] Loading Resource: hs_neck_waitback_left.bck (Size: 2880)
[DEBUG | dusk] Loading Resource: hs_neck_waitback_right.bck (Size: 2848)
[DEBUG | dusk] Loading Resource: hs_run_dash.bck (Size: 7680)
[DEBUG | dusk] Loading Resource: hs_run_fast.bck (Size: 6688)
[DEBUG | dusk] Loading Resource: hs_run_slow.bck (Size: 7712)
[DEBUG | dusk] Loading Resource: hs_stand.bck (Size: 17984)
[DEBUG | dusk] Loading Resource: hs_stop_slow.bck (Size: 14208)
[DEBUG | dusk] Loading Resource: hs_stop_stand.bck (Size: 16352)
[DEBUG | dusk] Loading Resource: hs_turn_left.bck (Size: 9632)
[DEBUG | dusk] Loading Resource: hs_turn_left_start.bck (Size: 5248)
[DEBUG | dusk] Loading Resource: hs_turn_right.bck (Size: 9472)
[DEBUG | dusk] Loading Resource: hs_turn_right_start.bck (Size: 5344)
[DEBUG | dusk] Loading Resource: hs_wait_01.bck (Size: 4768)
[DEBUG | dusk] Loading Resource: hs_wait_01b.bck (Size: 4672)
[DEBUG | dusk] Loading Resource: hs_wait_01b_connect.bck (Size: 4672)
[DEBUG | dusk] Loading Resource: hs_wait_02.bck (Size: 8928)
[DEBUG | dusk] Loading Resource: hs_wait_03.bck (Size: 7552)
[DEBUG | dusk] Loading Resource: hs_wait_04.bck (Size: 12640)
[DEBUG | dusk] Loading Resource: hs_wait_05.bck (Size: 10528)
[DEBUG | dusk] Loading Resource: hs_walk_fast.bck (Size: 5792)
[DEBUG | dusk] Loading Resource: hs_walk_slow.bck (Size: 5600)
[DEBUG | dusk] Loading Resource: hs.bmd (Size: 131264)
[DEBUG | dusk] Loading Resource: hs_eye.btp (Size: 128)
[DEBUG | dusk] Loading Resource: tazuna.bti (Size: 160)
[DEBUG | dusk] Loading Resource: al_umakusa.bmd (Size: 5984)
[DEBUG | dusk] Loading Resource: j_umakusa.bmd (Size: 13152)
[DEBUG | dusk] Loading Resource: j_umakusa_c.bmd (Size: 9536)
[DEBUG | dusk] Loading Resource: model0.bmd (Size: 13312)
[DEBUG | dusk] Loading Resource: model1.bmd (Size: 10656)
[DEBUG | dusk] Loading Resource: model0.dzb (Size: 832)
[DEBUG | dusk] Loading Resource: spec.dat (Size: 148)
[DEBUG | dusk] [DIAG] fpcSCtRq_phase_Load: procName=734 ret=4
[DEBUG | dusk] fpcSCtRq_phase_CreateProcess: procName=734
[DEBUG | dusk] fpcBs_Create: pid=38 profname=fpcNm_BG_OBJ_e (734) profile=0x73fb15f4d8 procSize=4344 unkSize=0
[DEBUG | dusk] fpcSCtRq_phase_CreateProcess: fpcBs_Create OK proc=0xb4000072bf3df898
[DEBUG | dusk] [DIAG] fpcSCtRq_phase_Load: procName=734 ret=4
[DEBUG | dusk] fpcSCtRq_phase_CreateProcess: procName=734
[DEBUG | dusk] fpcBs_Create: pid=39 profname=fpcNm_BG_OBJ_e (734) profile=0x73fb15f4d8 procSize=4344 unkSize=0
[DEBUG | dusk] fpcSCtRq_phase_CreateProcess: fpcBs_Create OK proc=0xb4000072bf3de780
[DEBUG | dusk] fpcBs_Create: pid=43 profname=fpcNm_Tag_Attp_e (346) profile=0x73fb162d00 procSize=1632 unkSize=0
[DEBUG | dusk] [DIAG] fpcSCtRq_phase_Load: procName=734 ret=4
[DEBUG | dusk] fpcSCtRq_phase_CreateProcess: procName=734
[DEBUG | dusk] fpcBs_Create: pid=40 profname=fpcNm_BG_OBJ_e (734) profile=0x73fb15f4d8 procSize=4344 unkSize=0
[DEBUG | dusk] fpcSCtRq_phase_CreateProcess: fpcBs_Create OK proc=0xb4000072bf3dd668
[DEBUG | dusk] fpcBs_Create: pid=45 profname=fpcNm_Tag_Attp_e (346) profile=0x73fb162d00 procSize=1632 unkSize=0
[DEBUG | dusk] [DIAG] fpcSCtRq_phase_Load: procName=734 ret=4
[DEBUG | dusk] fpcSCtRq_phase_CreateProcess: procName=734
[DEBUG | dusk] fpcBs_Create: pid=41 profname=fpcNm_BG_OBJ_e (734) profile=0x73fb15f4d8 procSize=4344 unkSize=0
[DEBUG | dusk] fpcSCtRq_phase_CreateProcess: fpcBs_Create OK proc=0xb4000072bf3dbed0
[DEBUG | dusk] fpcBs_Create: pid=47 profname=fpcNm_Tag_Attp_e (346) profile=0x73fb162d00 procSize=1632 unkSize=0
[DEBUG | dusk] fopScnRq_phase_Execute: ret=0 name=12
[DEBUG | dusk] fopScnRq_phase_Execute: ret=0 name=18
[DEBUG | dusk] [DIAG] fpcSCtRq_phase_Load: procName=548 ret=4
[DEBUG | dusk] fpcSCtRq_phase_CreateProcess: procName=548
[DEBUG | dusk] fpcBs_Create: pid=48 profname=fpcNm_HOZELDA_e (548) profile=0x73fb16fe40 procSize=2368 unkSize=0
[DEBUG | dusk] fpcSCtRq_phase_CreateProcess: fpcBs_Create OK proc=0xb4000072bf3e6ce8
[DEBUG | dusk] fopScnRq_phase_Execute: ret=0 name=12
[DEBUG | dusk] fopScnRq_phase_Execute: ret=0 name=18
[DEBUG | dusk] Loading Resource: al_sha.bmd (Size: 24288)
[DEBUG | dusk] Loading Resource: zelh_aldieh.bck (Size: 6240)
[DEBUG | dusk] Loading Resource: zelh_arelordh.bck (Size: 9280)
[DEBUG | dusk] Loading Resource: zelh_ashooth.bck (Size: 5216)
[DEBUG | dusk] Loading Resource: zelh_atbh.bck (Size: 4064)
[DEBUG | dusk] Loading Resource: zelh_barelordh.bck (Size: 1216)
[DEBUG | dusk] Loading Resource: zelh_bashooth.bck (Size: 1952)
[DEBUG | dusk] Loading Resource: zelh_damh.bck (Size: 4864)
[DEBUG | dusk] Loading Resource: zelh_dashh.bck (Size: 6976)
[DEBUG | dusk] Loading Resource: zelh_dstarth.bck (Size: 7584)
[DEBUG | dusk] Loading Resource: zelh_egnd_wh.bck (Size: 6048)
[DEBUG | dusk] Loading Resource: zelh_egnd_whb.bck (Size: 5344)
[DEBUG | dusk] Loading Resource: zelh_jumph.bck (Size: 5600)
[DEBUG | dusk] Loading Resource: zelh_jumphed.bck (Size: 5568)
[DEBUG | dusk] Loading Resource: zelh_jumphst.bck (Size: 4896)
[DEBUG | dusk] Loading Resource: zelh_numbh.bck (Size: 4704)
[DEBUG | dusk] Loading Resource: zelh_standh.bck (Size: 10624)
[DEBUG | dusk] Loading Resource: zelh_standhwc.bck (Size: 14176)
[DEBUG | dusk] Loading Resource: zelh_stoph.bck (Size: 8064)
[DEBUG | dusk] Loading Resource: zelh_stoptostandh.bck (Size: 11648)
[DEBUG | dusk] Loading Resource: zelh_waitbh.bck (Size: 6656)
[DEBUG | dusk] Loading Resource: zelh_waitch.bck (Size: 5184)
[DEBUG | dusk] Loading Resource: zelh_waith.bck (Size: 5216)
[DEBUG | dusk] Loading Resource: o_zg_arow.bmd (Size: 9312)
[DEBUG | dusk] Loading Resource: o_zg_bow.bmd (Size: 17120)
[DEBUG | dusk] Loading Resource: zelh.bmd (Size: 240768)
[DEBUG | dusk] Loading Resource: zelh_fa.btk (Size: 352)
[DEBUG | dusk] Loading Resource: zelh_faldieh.btk (Size: 992)
[DEBUG | dusk] Loading Resource: zelh_fegnd_wh.btk (Size: 352)
[DEBUG | dusk] Loading Resource: zelh_fa.btp (Size: 128)
[DEBUG | dusk] Loading Resource: zelh_faldieh.btp (Size: 864)
[DEBUG | dusk] Loading Resource: zelh_fb.btp (Size: 128)
[DEBUG | dusk] Loading Resource: zelh_fc.btp (Size: 128)
[DEBUG | dusk] Loading Resource: zelh_fmaba01.btp (Size: 160)
[DEBUG | dusk] fopScnRq_phase_Execute: ret=0 name=12
[DEBUG | dusk] fopScnRq_phase_Execute: ret=0 name=18
[DEBUG | dusk] fopScnRq_phase_Execute: ret=0 name=12
[DEBUG | dusk] fopScnRq_phase_Execute: ret=0 name=18
[DEBUG | dusk] [DIAG] fpcSCtRq_phase_Load: procName=255 ret=4
[DEBUG | dusk] fpcSCtRq_phase_CreateProcess: procName=255
[DEBUG | dusk] fpcBs_Create: pid=49 profname=fpcNm_MIDNA_e (255) profile=0x73fb162698 procSize=3360 unkSize=0
[DEBUG | dusk] fpcSCtRq_phase_CreateProcess: fpcBs_Create OK proc=0xb4000072bf3e5fa8
[DEBUG | dusk] fopScnRq_phase_Execute: ret=0 name=12
[DEBUG | dusk] fopScnRq_phase_Execute: ret=0 name=18
[DEBUG | dusk] Loading Resource: s_md_hands.bmd (Size: 19776)
[DEBUG | dusk] Loading Resource: s_md_mask.bmd (Size: 15424)
[DEBUG | dusk] Loading Resource: s_md_gokou.bmd (Size: 3008)
[DEBUG | dusk] Loading Resource: s_md.bmd (Size: 69984)
[DEBUG | dusk] Loading Resource: s_md_hair_hand.bmd (Size: 18944)
[DEBUG | dusk] Loading Resource: s_md_appear.brk (Size: 352)
[DEBUG | dusk] Loading Resource: s_md_gokou_appear.brk (Size: 256)
[DEBUG | dusk] Loading Resource: s_md_hair_hand_appear.brk (Size: 288)
[DEBUG | dusk] Loading Resource: s_md_mask_appear.brk (Size: 256)
[DEBUG | dusk] Loading Resource: s_md_hair_hand_moya.btk (Size: 544)
[DEBUG | dusk] Loading Resource: s_md_hands_moya.btk (Size: 608)
[DEBUG | dusk] Loading Resource: s_md_mask_moya.btk (Size: 320)
[DEBUG | dusk] Loading Resource: s_md_moya.btk (Size: 512)
[DEBUG | dusk] fopScnRq_phase_Execute: ret=0 name=12
[DEBUG | dusk] fpcBs_Create: pid=51 profname=fpcNm_DEMO00_e (718) profile=0x73fb162470 procSize=11112 unkSize=0
[DEBUG | dusk] fpcBs_Create: pid=53 profname=fpcNm_DEMO00_e (718) profile=0x73fb162470 procSize=11112 unkSize=0
[DEBUG | dusk] fpcBs_Create: pid=55 profname=fpcNm_DEMO00_e (718) profile=0x73fb162470 procSize=11112 unkSize=0
[DEBUG | dusk] fpcBs_Create: pid=57 profname=fpcNm_DEMO00_e (718) profile=0x73fb162470 procSize=11112 unkSize=0
[DEBUG | dusk] frameInterp: onTypeChange 41 -> 40 (event_type_id=40, leaving_event=false, entering_event=true)
[DEBUG | dusk] frameInterp: presentation sync not requested for ZEV event [STBWAIT] (staff idx 12)
[DEBUG | dev.twilitrealm.cosmetics] Loaded base texture data for al_bootsH. size: 2000 hash: C9F8C58AA332C5E6
[DEBUG | dev.twilitrealm.cosmetics] Loaded base texture data for al_SWB. size: 4000 hash: 1071499E19799A7D
[DEBUG | dev.twilitrealm.cosmetics] Loaded base texture data for hs_body. size: 8000 hash: F473331D6D5B148D
[DEBUG | dev.twilitrealm.cosmetics] Loaded base texture data for hs_eye.1. size: 200 hash: 24B0258CCF8EED45
[DEBUG | dev.twilitrealm.cosmetics] Loaded base texture data for hs_eye.2. size: 200 hash: 1B47C467FC5CA5BC
[DEBUG | dev.twilitrealm.cosmetics] Loaded base texture data for hs_eye.3. size: 200 hash: EC429699463FDDB2
[DEBUG | dev.twilitrealm.cosmetics] Loaded base texture data for al_hair. size: 4000 hash: 582A10908B80C70E
[DEBUG | dev.twilitrealm.cosmetics] Loaded base texture data for al_lowbody. size: 2000 hash: C4790EAFCB60026F
[DEBUG | dev.twilitrealm.cosmetics] Loaded base texture data for al_upbody. size: 4000 hash: 33E862A57F216822
[DEBUG | dev.twilitrealm.cosmetics] Registered replacement for al_lowbody.
[DEBUG | dev.twilitrealm.cosmetics] Registered replacement for al_upbody.
[INFO | org.twilight.hd_hud] Text Font: replacement drawing active; original advances preserved
[INFO | org.twilight.hd_hud] Text Font: original cell=24x24 ascent=21 descent=3 scale=18.00x18.00
[DEBUG | dusk] [DIAG] fpcSCtRq_phase_Load: procName=0 ret=4
[DEBUG | dusk] fpcSCtRq_phase_CreateProcess: procName=0
[DEBUG | dusk] fpcBs_Create: pid=58 profname=fpcNm_OVERLAP0_e (0) profile=0x73fb15bb18 procSize=384 unkSize=0
[DEBUG | dusk] fpcSCtRq_phase_CreateProcess: fpcBs_Create OK proc=0xb4000072bf3d0650
[DEBUG | dusk] fpcNdRq_phase_Create: name=13 layer=0x73fb38f418
[DEBUG | dusk] fpcNdRq_phase_Create: creating_id=59 (error=4294967295)
[WARNING | dusk::mods::actor] Attempted to delete actor with ID (48) but it doesn't exist!
[DEBUG | dusk] [DIAG] fpcSCtRq_phase_Load: procName=13 ret=4
[DEBUG | dusk] fpcSCtRq_phase_CreateProcess: procName=13
[DEBUG | dusk] fpcBs_Create: pid=59 profname=fpcNm_NAME_SCENE_e (13) profile=0x73fb15c138 procSize=1704 unkSize=0
[DEBUG | dusk] fpcSCtRq_phase_CreateProcess: fpcBs_Create OK proc=0xb4000072bf3f57d8
[DEBUG | dusk] Loading Resource: zelda_file_select.bck (Size: 23584)
[DEBUG | dusk] Loading Resource: zelda_file_select.blo (Size: 176800)
[DEBUG | dusk] Loading Resource: zelda_file_select.bpk (Size: 288)
[DEBUG | dusk] Loading Resource: zelda_file_select.brk (Size: 544)
[DEBUG | dusk] Loading Resource: zelda_file_select.btk (Size: 1408)
[DEBUG | dusk] Loading Resource: zelda_file_select_02.btk (Size: 544)
[DEBUG | dusk] Loading Resource: zelda_file_select_03.btk (Size: 544)
[DEBUG | dusk] Loading Resource: zelda_file_select_04.btk (Size: 448)
[DEBUG | dusk] Loading Resource: zelda_file_select_05.btk (Size: 800)
[DEBUG | dusk] Loading Resource: zelda_file_select_3menu_window.bck (Size: 5568)
[DEBUG | dusk] Loading Resource: zelda_file_select_3menu_window.blo (Size: 12992)
[DEBUG | dusk] Loading Resource: zelda_file_select_3menu_window.bpk (Size: 288)
[DEBUG | dusk] Loading Resource: zelda_file_select_3menu_window.btk (Size: 768)
[DEBUG | dusk] Loading Resource: zelda_file_select_copy_select.bck (Size: 5632)
[DEBUG | dusk] Loading Resource: zelda_file_select_copy_select.blo (Size: 55488)
[DEBUG | dusk] Loading Resource: zelda_file_select_copy_select.bpk (Size: 256)
[DEBUG | dusk] Loading Resource: zelda_file_select_copy_select.brk (Size: 416)
[DEBUG | dusk] Loading Resource: zelda_file_select_copy_select.btk (Size: 1120)
[DEBUG | dusk] Loading Resource: zelda_file_select_copy_select_02.btk (Size: 448)
[DEBUG | dusk] Loading Resource: zelda_file_select_copy_select_03.btk (Size: 608)
[DEBUG | dusk] Loading Resource: zelda_file_select_details.blo (Size: 23904)
[DEBUG | dusk] Loading Resource: zelda_file_select_details.btk (Size: 832)
[DEBUG | dusk] Loading Resource: zelda_file_select_info_text.blo (Size: 13728)
[DEBUG | dusk] Loading Resource: zelda_file_select_warning_window.bck (Size: 1088)
[DEBUG | dusk] Loading Resource: zelda_file_select_warning_window.blo (Size: 4704)
[DEBUG | dusk] Loading Resource: zelda_file_select_yes_no_window.bck (Size: 2944)
[DEBUG | dusk] Loading Resource: zelda_file_select_yes_no_window.blo (Size: 9024)
[DEBUG | dusk] Loading Resource: zelda_file_select_yes_no_window.bpk (Size: 224)
[DEBUG | dusk] Loading Resource: zelda_file_select_yes_no_window.btk (Size: 576)
[DEBUG | dusk] Loading Resource: zelda_option_check.blo (Size: 48832)
[DEBUG | dusk] Loading Resource: ak_kagerou_battle_rr.bti (Size: 2720)
[DEBUG | dusk] Loading Resource: ak_ocarina_fire_00.bti (Size: 32800)
[DEBUG | dusk] Loading Resource: ak_ocarina_fire_01.bti (Size: 32800)
[DEBUG | dusk] Loading Resource: ak_ocarina_ind_00.bti (Size: 32800)
[DEBUG | dusk] Loading Resource: black_80.bti (Size: 3232)
[DEBUG | dusk] Loading Resource: bow_light.bti (Size: 320)
[DEBUG | dusk] Loading Resource: i4_gra.bti (Size: 1056)
[DEBUG | dusk] Loading Resource: im_b_button_00.bti (Size: 1184)
[DEBUG | dusk] Loading Resource: im_kinobou_48.bti (Size: 2592)
[DEBUG | dusk] Loading Resource: navi_l.bti (Size: 544)
[DEBUG | dusk] Loading Resource: ni_hairianotate_48.bti (Size: 2816)
[DEBUG | dusk] Loading Resource: ni_kinotate_48.bti (Size: 2656)
[DEBUG | dusk] Loading Resource: ni_magicarmor_48.bti (Size: 2784)
[DEBUG | dusk] Loading Resource: ni_mastersword_48.bti (Size: 2688)
[DEBUG | dusk] Loading Resource: ni_zouranofuku_48.bti (Size: 2752)
[DEBUG | dusk] Loading Resource: ttdelunotate_s3_tc.bti (Size: 2592)
[DEBUG | dusk] Loading Resource: tt_1_metal_40x40.bti (Size: 1632)
[DEBUG | dusk] Loading Resource: tt_2_metal_40x40.bti (Size: 1632)
[DEBUG | dusk] Loading Resource: tt_3setu_w_l.bti (Size: 92960)
[DEBUG | dusk] Loading Resource: tt_3_metal_40x40.bti (Size: 1632)
[DEBUG | dusk] Loading Resource: tt_black_32.bti (Size: 1056)
[DEBUG | dusk] Loading Resource: tt_block128_00.bti (Size: 8224)
[DEBUG | dusk] Loading Resource: tt_block8x8.bti (Size: 64)
[DEBUG | dusk] Loading Resource: tt_book_meramera_00.bti (Size: 6944)
[DEBUG | dusk] Loading Resource: tt_button_base0_center_tate.bti (Size: 1312)
[DEBUG | dusk] Loading Resource: tt_button_base0_side.bti (Size: 1312)
[DEBUG | dusk] Loading Resource: tt_gold_uzu_long2.bti (Size: 4832)
[DEBUG | dusk] Loading Resource: tt_heart_00.bti (Size: 1312)
[DEBUG | dusk] Loading Resource: tt_horiwaku_lu.bti (Size: 1600)
[DEBUG | dusk] Loading Resource: tt_horiwaku_side_l_rr.bti (Size: 928)
[DEBUG | dusk] Loading Resource: tt_horiwaku_side_r_rr.bti (Size: 928)
[DEBUG | dusk] Loading Resource: tt_horiwaku_top_rr.bti (Size: 1056)
[DEBUG | dusk] Loading Resource: tt_i4_gra.bti (Size: 1056)
[DEBUG | dusk] Loading Resource: tt_iastarrr.bti (Size: 1056)
[DEBUG | dusk] Loading Resource: tt_itumonofuku_s3tc.bti (Size: 2624)
[DEBUG | dusk] Loading Resource: tt_kazari_kani_00.bti (Size: 4128)
[DEBUG | dusk] Loading Resource: tt_kazari_kani_02.bti (Size: 4128)
[DEBUG | dusk] Loading Resource: tt_kokirinoken_s3_tc.bti (Size: 2592)
[DEBUG | dusk] Loading Resource: tt_line2.bti (Size: 96)
[DEBUG | dusk] Loading Resource: tt_metal_cube_00.bti (Size: 1184)
[DEBUG | dusk] Loading Resource: tt_spot_square3.bti (Size: 2080)
[DEBUG | dusk] Loading Resource: tt_uzumaki_00.bti (Size: 16160)
[DEBUG | dusk] Loading Resource: tt_w08_160_gra.bti (Size: 6432)
[DEBUG | dusk] Loading Resource: tt_yakushima.bti (Size: 8224)
[DEBUG | dusk] Loading Resource: tt_zelda_button_ab_maru.bti (Size: 1632)
[DEBUG | dusk] Loading Resource: tt_zelda_button_a_8ia.bti (Size: 1568)
[DEBUG | dusk] Loading Resource: tt_zelda_button_a_text.bti (Size: 800)
[DEBUG | dusk] Loading Resource: tt_zelda_button_b_text.bti (Size: 512)
[DEBUG | dusk] Loading Resource: tt_zelda_revo_maru_button_64_8ia_01.bti (Size: 8736)
[DEBUG | aurora::gpu::cache] Dawn cache prune completed; no stale entries found
[DEBUG | dusk] [DIAG] fpcSCtRq_phase_Load: procName=0 ret=4
[DEBUG | dusk] fpcSCtRq_phase_CreateProcess: procName=0
[DEBUG | dusk] fpcBs_Create: pid=60 profname=fpcNm_OVERLAP0_e (0) profile=0x73fb15bb18 procSize=384 unkSize=0
[DEBUG | dusk] fpcSCtRq_phase_CreateProcess: fpcBs_Create OK proc=0xb4000072bf3f5558
[DEBUG | dusk] fpcNdRq_phase_Create: name=11 layer=0x73fb38f418
[DEBUG | dusk] fpcNdRq_phase_Create: creating_id=61 (error=4294967295)
[DEBUG | dusk] [DIAG] fpcSCtRq_phase_Load: procName=11 ret=4
[DEBUG | dusk] fpcSCtRq_phase_CreateProcess: procName=11
[DEBUG | dusk] fpcBs_Create: pid=61 profname=fpcNm_PLAY_SCENE_e (11) profile=0x73fb15c268 procSize=912 unkSize=0
[DEBUG | dusk] fpcSCtRq_phase_CreateProcess: fpcBs_Create OK proc=0xb4000072bf3f5af0
[DEBUG | dusk] Loading Resource: vrbox_kasumim.bmd (Size: 2272)
[DEBUG | dusk] Loading Resource: vrbox_kumo.bmd (Size: 69664)
[DEBUG | dusk] Loading Resource: vrbox_sora.bmd (Size: 6624)
[DEBUG | dusk] Loading Resource: vrbox_sun.bmd (Size: 12032)
[DEBUG | dusk] Loading Resource: door-knob_00.bmd (Size: 22048)
[DEBUG | dusk] Loading Resource: door-knob_01.bmd (Size: 21056)
[DEBUG | dusk] Loading Resource: door-knob_02.bmd (Size: 25216)
[DEBUG | dusk] Loading Resource: door-shutterboss.bmd (Size: 35328)
[DEBUG | dusk] Loading Resource: door-shutter_00.bmd (Size: 44064)
[DEBUG | dusk] Loading Resource: door-stop.bmd (Size: 32544)
[DEBUG | dusk] Loading Resource: vrbox_sun.btk (Size: 320)
[DEBUG | dusk] Loading Resource: colordata_tbl.dat (Size: 800)
[DEBUG | dusk] Loading Resource: pol_arg.dat (Size: 128)
[DEBUG | dusk] Loading Resource: pol_effcol.dat (Size: 128)
[DEBUG | dusk] Loading Resource: pol_effcol2.dat (Size: 128)
[DEBUG | dusk] Loading Resource: pol_efftbl.dat (Size: 128)
[DEBUG | dusk] Loading Resource: pol_efftbl2.dat (Size: 128)
[DEBUG | dusk] Loading Resource: pol_sound.dat (Size: 128)
[DEBUG | dusk] Loading Resource: room0.dzs (Size: 1056)
[DEBUG | dusk] Loading Resource: room1.dzs (Size: 192)
[DEBUG | dusk] Loading Resource: room11.dzs (Size: 352)
[DEBUG | dusk] Loading Resource: room13.dzs (Size: 256)
[DEBUG | dusk] Loading Resource: room2.dzs (Size: 512)
[DEBUG | dusk] Loading Resource: room3.dzs (Size: 960)
[DEBUG | dusk] Loading Resource: room4.dzs (Size: 4128)
[DEBUG | dusk] Loading Resource: room5.dzs (Size: 768)
[DEBUG | dusk] Loading Resource: room50.dzs (Size: 352)
[DEBUG | dusk] Loading Resource: room51.dzs (Size: 704)
[DEBUG | dusk] Loading Resource: room6.dzs (Size: 416)
[DEBUG | dusk] Loading Resource: room7.dzs (Size: 1696)
[DEBUG | dusk] Loading Resource: room8.dzs (Size: 3008)
[DEBUG | dusk] Loading Resource: room9.dzs (Size: 1056)
[DEBUG | dusk] Loading Resource: stage.dzs (Size: 4000)
[DEBUG | dusk] Loading Resource: event_list.dat (Size: 3336)
[DEBUG | dusk] Loading Resource: cloudtx_01.bti (Size: 4128)
[DEBUG | dusk] Loading Resource: cloudtx_02.bti (Size: 4128)
[DEBUG | dusk] Loading Resource: cloudtx_03.bti (Size: 4128)
[DEBUG | dusk] Loading Resource: f_moon.bti (Size: 8224)
[DEBUG | dusk] Loading Resource: f_moon_a.bti (Size: 2080)
[DEBUG | dusk] Loading Resource: f_moon_a_a00.bti (Size: 64)
[DEBUG | dusk] Loading Resource: f_moon_a_a01.bti (Size: 544)
[DEBUG | dusk] Loading Resource: f_moon_a_a02.bti (Size: 544)
[DEBUG | dusk] Loading Resource: f_moon_a_a03.bti (Size: 544)
[DEBUG | dusk] Loading Resource: 0228_outkabe03.bti (Size: 131104)
[DEBUG | dusk] Loading Resource: g_white.bti (Size: 160)
[DEBUG | dusk] Loading Resource: q_ceilback_00.bti (Size: 8224)
[DEBUG | dusk] Loading Resource: q_iron_decoflame2.bti (Size: 8224)
[DEBUG | dusk] Loading Resource: w_anatilefloor_snow.bti (Size: 32800)
[DEBUG | dusk] Loading Resource: w_box.bti (Size: 8224)
[DEBUG | dusk] Loading Resource: w_door2.bti (Size: 4128)
[DEBUG | dusk] Loading Resource: w_door_waku00_snow.bti (Size: 4128)
[DEBUG | dusk] Loading Resource: w_gakubuchi.tga.bti (Size: 4128)
[DEBUG | dusk] Loading Resource: w_house_wall00.bti (Size: 32800)
[DEBUG | dusk] Loading Resource: w_isiblock01.bti (Size: 2080)
[DEBUG | dusk] Loading Resource: w_kidana.bti (Size: 8224)
[DEBUG | dusk] Loading Resource: w_lv5picture01.bti (Size: 8224)
[DEBUG | dusk] Loading Resource: w_lv5picture02.bti (Size: 8224)
[DEBUG | dusk] Loading Resource: w_piller_wood00.bti (Size: 4128)
[DEBUG | dusk] Loading Resource: w_redcarpet00.bti (Size: 4128)
[DEBUG | dusk] Loading Resource: w_woodmon_snow_00.bti (Size: 2080)
[DEBUG | dusk] Loading Resource: w_woodtilesnow.bti (Size: 8224)
[DEBUG | dusk] Loading Resource: z_ice3.bti (Size: 65568)
[DEBUG | dusk] Loading Resource: z_teppen.bti (Size: 2080)
[DEBUG | dusk] Loading Resource: event_list.dat (Size: 106476)
[DEBUG | dusk] Loading Resource: camstyle.dat (Size: 43328)
[DEBUG | dusk] Loading Resource: camtype.dat (Size: 14560)
[DEBUG | dusk] fpcBs_Create: pid=69 profname=fpcNm_SUSPEND_e (783) profile=0x73fb162c48 procSize=1632 unkSize=0
[DEBUG | dusk] fopScnM_CreateReq: procName=18 fade=32767
[DEBUG | dusk] fopScnM_CreateReq: result=5 (error=4294967295)
[DEBUG | dusk] fpcBs_Create: pid=93 profname=fpcNm_KANKYO_e (19) profile=0x73fb156e60 procSize=440 unkSize=0
[DEBUG | dusk] fpcBs_Create: pid=95 profname=fpcNm_KYEFF_e (785) profile=0x73fb156eb0 procSize=440 unkSize=0
[DEBUG | dusk] fpcBs_Create: pid=97 profname=fpcNm_KYEFF2_e (786) profile=0x73fb156ef0 procSize=440 unkSize=0
[DEBUG | dusk] fpcBs_Create: pid=99 profname=fpcNm_ENVSE_e (21) profile=0x73fb155f20 procSize=456 unkSize=0
[DEBUG | dusk] fpcNdRq_phase_Create: name=18 layer=0xb4000072bf3f5c48
[DEBUG | dusk] fpcNdRq_phase_Create: creating_id=102 (error=4294967295)
[DEBUG | dusk] [DIAG] fpcSCtRq_phase_Load: procName=781 ret=4
[DEBUG | dusk] fpcSCtRq_phase_CreateProcess: procName=781
[DEBUG | dusk] fpcBs_Create: pid=62 profname=fpcNm_CAMERA_e (781) profile=0x73fb155d68 procSize=4240 unkSize=0
[DEBUG | dusk] fpcSCtRq_phase_CreateProcess: fpcBs_Create OK proc=0xb4000072bf3f0ef8
[DEBUG | dusk] [DIAG] fpcSCtRq_phase_Load: procName=764 ret=4
[DEBUG | dusk] fpcSCtRq_phase_CreateProcess: procName=764
[DEBUG | dusk] fpcBs_Create: pid=63 profname=fpcNm_Obj_Carry_e (764) profile=0x73fb160960 procSize=4768 unkSize=0
[DEBUG | dusk] fpcSCtRq_phase_CreateProcess: fpcBs_Create OK proc=0xb4000072bf3efc38
[DEBUG | dusk] [DIAG] fpcSCtRq_phase_Load: procName=764 ret=4
[DEBUG | dusk] fpcSCtRq_phase_CreateProcess: procName=764
[DEBUG | dusk] fpcBs_Create: pid=64 profname=fpcNm_Obj_Carry_e (764) profile=0x73fb160960 procSize=4768 unkSize=0
[DEBUG | dusk] fpcSCtRq_phase_CreateProcess: fpcBs_Create OK proc=0xb4000072bf3ee978
[DEBUG | dusk] [DIAG] fpcSCtRq_phase_Load: procName=764 ret=4
[DEBUG | dusk] fpcSCtRq_phase_CreateProcess: procName=764
[DEBUG | dusk] fpcBs_Create: pid=65 profname=fpcNm_Obj_Carry_e (764) profile=0x73fb160960 procSize=4768 unkSize=0
[DEBUG | dusk] fpcSCtRq_phase_CreateProcess: fpcBs_Create OK proc=0xb4000072bf3ed6b8
[DEBUG | dusk] [DIAG] fpcSCtRq_phase_Load: procName=764 ret=4
[DEBUG | dusk] fpcSCtRq_phase_CreateProcess: procName=764
[DEBUG | dusk] fpcBs_Create: pid=66 profname=fpcNm_Obj_Carry_e (764) profile=0x73fb160960 procSize=4768 unkSize=0
[DEBUG | dusk] fpcSCtRq_phase_CreateProcess: fpcBs_Create OK proc=0xb4000072bf3ec3f8
[DEBUG | dusk] [DIAG] fpcSCtRq_phase_Load: procName=696 ret=4
[DEBUG | dusk] fpcSCtRq_phase_CreateProcess: procName=696
[DEBUG | dusk] fpcBs_Create: pid=67 profname=fpcNm_KYTAG14_e (696) profile=0x73fb163e28 procSize=1640 unkSize=0
[DEBUG | dusk] fpcSCtRq_phase_CreateProcess: fpcBs_Create OK proc=0xb4000072bf3ebd70
[DEBUG | dusk] [DIAG] fpcSCtRq_phase_Load: procName=688 ret=4
[DEBUG | dusk] fpcSCtRq_phase_CreateProcess: procName=688
[DEBUG | dusk] fpcBs_Create: pid=70 profname=fpcNm_KYTAG06_e (688) profile=0x73fb170328 procSize=1688 unkSize=0
[DEBUG | dusk] fpcSCtRq_phase_CreateProcess: fpcBs_Create OK proc=0xb4000072bf3eb6b8
[DEBUG | dusk] [DIAG] fpcSCtRq_phase_Load: procName=232 ret=4
[DEBUG | dusk] fpcSCtRq_phase_CreateProcess: procName=232
[DEBUG | dusk] fpcBs_Create: pid=71 profname=fpcNm_DOOR20_e (232) profile=0x73fb15fad8 procSize=2912 unkSize=0
[DEBUG | dusk] fpcSCtRq_phase_CreateProcess: fpcBs_Create OK proc=0xb4000072bf3eab38
[DEBUG | dusk] [DIAG] fpcSCtRq_phase_Load: procName=232 ret=4
[DEBUG | dusk] fpcSCtRq_phase_CreateProcess: procName=232
[DEBUG | dusk] fpcBs_Create: pid=72 profname=fpcNm_DOOR20_e (232) profile=0x73fb15fad8 procSize=2912 unkSize=0
[DEBUG | dusk] fpcSCtRq_phase_CreateProcess: fpcBs_Create OK proc=0xb4000072bf3e9fb8
[DEBUG | dusk] [DIAG] fpcSCtRq_phase_Load: procName=232 ret=4
[DEBUG | dusk] fpcSCtRq_phase_CreateProcess: procName=232
[DEBUG | dusk] fpcBs_Create: pid=73 profname=fpcNm_DOOR20_e (232) profile=0x73fb15fad8 procSize=2912 unkSize=0
[DEBUG | dusk] fpcSCtRq_phase_CreateProcess: fpcBs_Create OK proc=0xb4000072bf3e9438
[DEBUG | dusk] [DIAG] fpcSCtRq_phase_Load: procName=232 ret=4
[DEBUG | dusk] fpcSCtRq_phase_CreateProcess: procName=232
[DEBUG | dusk] fpcBs_Create: pid=74 profname=fpcNm_DOOR20_e (232) profile=0x73fb15fad8 procSize=2912 unkSize=0
[DEBUG | dusk] fpcSCtRq_phase_CreateProcess: fpcBs_Create OK proc=0xb4000072bf3e88b8
[DEBUG | dusk] [DIAG] fpcSCtRq_phase_Load: procName=232 ret=4
[DEBUG | dusk] fpcSCtRq_phase_CreateProcess: procName=232
[DEBUG | dusk] fpcBs_Create: pid=75 profname=fpcNm_DOOR20_e (232) profile=0x73fb15fad8 procSize=2912 unkSize=0
[DEBUG | dusk] fpcSCtRq_phase_CreateProcess: fpcBs_Create OK proc=0xb4000072bf3e7d38
[DEBUG | dusk] [DIAG] fpcSCtRq_phase_Load: procName=232 ret=4
[DEBUG | dusk] fpcSCtRq_phase_CreateProcess: procName=232
[DEBUG | dusk] fpcBs_Create: pid=76 profname=fpcNm_DOOR20_e (232) profile=0x73fb15fad8 procSize=2912 unkSize=0
[DEBUG | dusk] fpcSCtRq_phase_CreateProcess: fpcBs_Create OK proc=0xb4000072bf3e71b8
[DEBUG | dusk] [DIAG] fpcSCtRq_phase_Load: procName=232 ret=4
[DEBUG | dusk] fpcSCtRq_phase_CreateProcess: procName=232
[DEBUG | dusk] fpcBs_Create: pid=77 profname=fpcNm_DOOR20_e (232) profile=0x73fb15fad8 procSize=2912 unkSize=0
[DEBUG | dusk] fpcSCtRq_phase_CreateProcess: fpcBs_Create OK proc=0xb4000072bf3e6638
[DEBUG | dusk] [DIAG] fpcSCtRq_phase_Load: procName=232 ret=4
[DEBUG | dusk] fpcSCtRq_phase_CreateProcess: procName=232
[DEBUG | dusk] fpcBs_Create: pid=78 profname=fpcNm_DOOR20_e (232) profile=0x73fb15fad8 procSize=2912 unkSize=0
[DEBUG | dusk] fpcSCtRq_phase_CreateProcess: fpcBs_Create OK proc=0xb4000072bf3e5ab8
[DEBUG | dusk] [DIAG] fpcSCtRq_phase_Load: procName=232 ret=4
[DEBUG | dusk] fpcSCtRq_phase_CreateProcess: procName=232
[DEBUG | dusk] fpcBs_Create: pid=79 profname=fpcNm_DOOR20_e (232) profile=0x73fb15fad8 procSize=2912 unkSize=0
[DEBUG | dusk] fpcSCtRq_phase_CreateProcess: fpcBs_Create OK proc=0xb4000072bf3e4f38
[DEBUG | dusk] [DIAG] fpcSCtRq_phase_Load: procName=232 ret=4
[DEBUG | dusk] fpcSCtRq_phase_CreateProcess: procName=232
[DEBUG | dusk] fpcBs_Create: pid=80 profname=fpcNm_DOOR20_e (232) profile=0x73fb15fad8 procSize=2912 unkSize=0
[DEBUG | dusk] fpcSCtRq_phase_CreateProcess: fpcBs_Create OK proc=0xb4000072bf3e43b8
[DEBUG | dusk] [DIAG] fpcSCtRq_phase_Load: procName=232 ret=4
[DEBUG | dusk] fpcSCtRq_phase_CreateProcess: procName=232
[DEBUG | dusk] fpcBs_Create: pid=81 profname=fpcNm_DOOR20_e (232) profile=0x73fb15fad8 procSize=2912 unkSize=0
[DEBUG | dusk] fpcSCtRq_phase_CreateProcess: fpcBs_Create OK proc=0xb4000072bf3e3838
[DEBUG | dusk] [DIAG] fpcSCtRq_phase_Load: procName=232 ret=4
[DEBUG | dusk] fpcSCtRq_phase_CreateProcess: procName=232
[DEBUG | dusk] fpcBs_Create: pid=82 profname=fpcNm_DOOR20_e (232) profile=0x73fb15fad8 procSize=2912 unkSize=0
[DEBUG | dusk] fpcSCtRq_phase_CreateProcess: fpcBs_Create OK proc=0xb4000072bf3e2cb8
[DEBUG | dusk] [DIAG] fpcSCtRq_phase_Load: procName=232 ret=4
[DEBUG | dusk] fpcSCtRq_phase_CreateProcess: procName=232
[DEBUG | dusk] fpcBs_Create: pid=83 profname=fpcNm_DOOR20_e (232) profile=0x73fb15fad8 procSize=2912 unkSize=0
[DEBUG | dusk] fpcSCtRq_phase_CreateProcess: fpcBs_Create OK proc=0xb4000072bf3e2138
[DEBUG | dusk] [DIAG] fpcSCtRq_phase_Load: procName=232 ret=4
[DEBUG | dusk] fpcSCtRq_phase_CreateProcess: procName=232
[DEBUG | dusk] fpcBs_Create: pid=84 profname=fpcNm_DOOR20_e (232) profile=0x73fb15fad8 procSize=2912 unkSize=0
[DEBUG | dusk] fpcSCtRq_phase_CreateProcess: fpcBs_Create OK proc=0xb4000072bf3e15b8
[DEBUG | dusk] [DIAG] fpcSCtRq_phase_Load: procName=232 ret=4
[DEBUG | dusk] fpcSCtRq_phase_CreateProcess: procName=232
[DEBUG | dusk] fpcBs_Create: pid=85 profname=fpcNm_DOOR20_e (232) profile=0x73fb15fad8 procSize=2912 unkSize=0
[DEBUG | dusk] fpcSCtRq_phase_CreateProcess: fpcBs_Create OK proc=0xb4000072bf3e0a38
[DEBUG | dusk] [DIAG] fpcSCtRq_phase_Load: procName=232 ret=4
[DEBUG | dusk] fpcSCtRq_phase_CreateProcess: procName=232
[DEBUG | dusk] fpcBs_Create: pid=86 profname=fpcNm_DOOR20_e (232) profile=0x73fb15fad8 procSize=2912 unkSize=0
[DEBUG | dusk] fpcSCtRq_phase_CreateProcess: fpcBs_Create OK proc=0xb4000072bf3dfeb8
[DEBUG | dusk] [DIAG] fpcSCtRq_phase_Load: procName=232 ret=4
[DEBUG | dusk] fpcSCtRq_phase_CreateProcess: procName=232
[DEBUG | dusk] fpcBs_Create: pid=87 profname=fpcNm_DOOR20_e (232) profile=0x73fb15fad8 procSize=2912 unkSize=0
[DEBUG | dusk] fpcSCtRq_phase_CreateProcess: fpcBs_Create OK proc=0xb4000072bf3df338
[DEBUG | dusk] [DIAG] fpcSCtRq_phase_Load: procName=232 ret=4
[DEBUG | dusk] fpcSCtRq_phase_CreateProcess: procName=232
[DEBUG | dusk] fpcBs_Create: pid=88 profname=fpcNm_DOOR20_e (232) profile=0x73fb15fad8 procSize=2912 unkSize=0
[DEBUG | dusk] fpcSCtRq_phase_CreateProcess: fpcBs_Create OK proc=0xb4000072bf3de7b8
[DEBUG | dusk] [DIAG] fpcSCtRq_phase_Load: procName=232 ret=4
[DEBUG | dusk] fpcSCtRq_phase_CreateProcess: procName=232
[DEBUG | dusk] fpcBs_Create: pid=89 profname=fpcNm_DOOR20_e (232) profile=0x73fb15fad8 procSize=2912 unkSize=0
[DEBUG | dusk] fpcSCtRq_phase_CreateProcess: fpcBs_Create OK proc=0xb4000072bf3ddc38
[DEBUG | dusk] [DIAG] fpcSCtRq_phase_Load: procName=232 ret=4
[DEBUG | dusk] fpcSCtRq_phase_CreateProcess: procName=232
[DEBUG | dusk] fpcBs_Create: pid=90 profname=fpcNm_DOOR20_e (232) profile=0x73fb15fad8 procSize=2912 unkSize=0
[DEBUG | dusk] fpcSCtRq_phase_CreateProcess: fpcBs_Create OK proc=0xb4000072bf3dd0b8
[DEBUG | dusk] [DIAG] fpcSCtRq_phase_Load: procName=232 ret=4
[DEBUG | dusk] fpcSCtRq_phase_CreateProcess: procName=232
[DEBUG | dusk] fpcBs_Create: pid=91 profname=fpcNm_DOOR20_e (232) profile=0x73fb15fad8 procSize=2912 unkSize=0
[DEBUG | dusk] fpcSCtRq_phase_CreateProcess: fpcBs_Create OK proc=0xb4000072bf3dc538
[DEBUG | dusk] [DIAG] fpcSCtRq_phase_Load: procName=730 ret=4
[DEBUG | dusk] fpcSCtRq_phase_CreateProcess: procName=730
[DEBUG | dusk] fpcBs_Create: pid=100 profname=fpcNm_VRBOX_e (730) profile=0x73fb162078 procSize=1648 unkSize=0
[DEBUG | dusk] fpcSCtRq_phase_CreateProcess: fpcBs_Create OK proc=0xb4000072bf3dbea8
[DEBUG | dusk] [DIAG] fpcSCtRq_phase_Load: procName=731 ret=4
[DEBUG | dusk] fpcSCtRq_phase_CreateProcess: procName=731
[DEBUG | dusk] fpcBs_Create: pid=101 profname=fpcNm_VRBOX2_e (731) profile=0x73fb162130 procSize=1720 unkSize=0
[DEBUG | dusk] fpcSCtRq_phase_CreateProcess: fpcBs_Create OK proc=0xb4000072bf3db7d0
[DEBUG | dusk] [DIAG] fpcSCtRq_phase_Load: procName=18 ret=4
[DEBUG | dusk] fpcSCtRq_phase_CreateProcess: procName=18
[DEBUG | dusk] fpcBs_Create: pid=102 profname=fpcNm_ROOM_SCENE_e (18) profile=0x73fb15c388 procSize=912 unkSize=0
[DEBUG | dusk] fpcSCtRq_phase_CreateProcess: fpcBs_Create OK proc=0xb4000072bf3db420
[DEBUG | dusk] Loading Resource: yironball.bmd (Size: 6080)
[DEBUG | dusk] Loading Resource: fdoora.bck (Size: 352)
[DEBUG | dusk] Loading Resource: fdoorb.bck (Size: 320)
[DEBUG | dusk] Loading Resource: door-knobdummy.bmd (Size: 1792)
[DEBUG | dusk] Loading Resource: door-pushdoubledummy.bmd (Size: 2752)
[DEBUG | dusk] Loading Resource: door-knob.dzb (Size: 480)
[DEBUG | dusk] Loading Resource: door-pushdouble.dzb (Size: 480)
[DEBUG | dusk] Loading Resource: door-shutter.dzb (Size: 448)
[DEBUG | dusk] Loading Resource: door-shutterbig.dzb (Size: 768)
[DEBUG | dusk] Loading Resource: door-shutterboss.dzb (Size: 704)
[DEBUG | dusk] Loading Resource: door-shutterlv9.dzb (Size: 768)
[DEBUG | dusk] Loading Resource: model.bmd (Size: 538976)
[DEBUG | dusk] Loading Resource: room.dzr (Size: 2432)
[DEBUG | dusk] Loading Resource: event_list.dat (Size: 5144)
[DEBUG | dusk] Loading Resource: room.kcl (Size: 340868)
[DEBUG | dusk] Loading Resource: room.plc (Size: 448)
[DEBUG | dusk] Loading Resource: event_list.dat (Size: 22812)
[DEBUG | dusk] [DIAG] fpcSCtRq_phase_Load: procName=253 ret=4
[DEBUG | dusk] fpcSCtRq_phase_CreateProcess: procName=253
[DEBUG | dusk] fpcBs_Create: pid=103 profname=fpcNm_ALINK_e (253) profile=0x73fb152250 procSize=18784 unkSize=0
[DEBUG | dusk] fpcSCtRq_phase_CreateProcess: fpcBs_Create OK proc=0xb4000072bf3d4f1c
[DEBUG | dusk] [DIAG] fpcSCtRq_phase_Load: procName=790 ret=4
[DEBUG | dusk] fpcSCtRq_phase_CreateProcess: procName=790
[DEBUG | dusk] fpcBs_Create: pid=104 profname=fpcNm_METER2_e (790) profile=0x73fb159430 procSize=1504 unkSize=0
[DEBUG | dusk] fpcSCtRq_phase_CreateProcess: fpcBs_Create OK proc=0xb4000072bf3f402c
[DEBUG | dusk] [DIAG] fpcSCtRq_phase_Load: procName=732 ret=4
[DEBUG | dusk] fpcSCtRq_phase_CreateProcess: procName=732
[DEBUG | dusk] fpcBs_Create: pid=105 profname=fpcNm_BG_e (732) profile=0x73fb15f3f8 procSize=1904 unkSize=0
[DEBUG | dusk] fpcSCtRq_phase_CreateProcess: fpcBs_Create OK proc=0xb4000072bf3f36dc
[DEBUG | dusk] [DIAG] fpcSCtRq_phase_Load: procName=550 ret=4
[DEBUG | dusk] fpcSCtRq_phase_CreateProcess: procName=550
[DEBUG | dusk] fpcBs_Create: pid=106 profname=fpcNm_KNOB20_e (550) profile=0x73fb15f8a0 procSize=1888 unkSize=0
[DEBUG | dusk] fpcSCtRq_phase_CreateProcess: fpcBs_Create OK proc=0xb4000072bf3f2f5c
[DEBUG | dusk] [DIAG] fpcSCtRq_phase_Load: procName=550 ret=4
[DEBUG | dusk] fpcSCtRq_phase_CreateProcess: procName=550
[DEBUG | dusk] fpcBs_Create: pid=107 profname=fpcNm_KNOB20_e (550) profile=0x73fb15f8a0 procSize=1888 unkSize=0
[DEBUG | dusk] fpcSCtRq_phase_CreateProcess: fpcBs_Create OK proc=0xb4000072bf3d479c
[DEBUG | dusk] [DIAG] fpcSCtRq_phase_Load: procName=444 ret=4
[DEBUG | dusk] fpcSCtRq_phase_CreateProcess: procName=444
[DEBUG | dusk] fpcBs_Create: pid=108 profname=fpcNm_E_MD_e (444) profile=0x73fb16d1c0 procSize=3560 unkSize=0
[DEBUG | dusk] fpcSCtRq_phase_CreateProcess: fpcBs_Create OK proc=0xb4000072bf3d3994
[DEBUG | dusk] [DIAG] fpcSCtRq_phase_Load: procName=444 ret=4
[DEBUG | dusk] fpcSCtRq_phase_CreateProcess: procName=444
[DEBUG | dusk] fpcBs_Create: pid=109 profname=fpcNm_E_MD_e (444) profile=0x73fb16d1c0 procSize=3560 unkSize=0
[DEBUG | dusk] fpcSCtRq_phase_CreateProcess: fpcBs_Create OK proc=0xb4000072bf3d2b8c
[DEBUG | dusk] [DIAG] fpcSCtRq_phase_Load: procName=444 ret=4
[DEBUG | dusk] fpcSCtRq_phase_CreateProcess: procName=444
[DEBUG | dusk] fpcBs_Create: pid=110 profname=fpcNm_E_MD_e (444) profile=0x73fb16d1c0 procSize=3560 unkSize=0
[DEBUG | dusk] fpcSCtRq_phase_CreateProcess: fpcBs_Create OK proc=0xb4000072bf3d1d84
[DEBUG | dusk] [DIAG] fpcSCtRq_phase_Load: procName=444 ret=4
[DEBUG | dusk] fpcSCtRq_phase_CreateProcess: procName=444
[DEBUG | dusk] fpcBs_Create: pid=111 profname=fpcNm_E_MD_e (444) profile=0x73fb16d1c0 procSize=3560 unkSize=0
[DEBUG | dusk] fpcSCtRq_phase_CreateProcess: fpcBs_Create OK proc=0xb4000072bf3d0f7c
[DEBUG | dusk] [DIAG] fpcSCtRq_phase_Load: procName=444 ret=4
[DEBUG | dusk] fpcSCtRq_phase_CreateProcess: procName=444
[DEBUG | dusk] fpcBs_Create: pid=112 profname=fpcNm_E_MD_e (444) profile=0x73fb16d1c0 procSize=3560 unkSize=0
[DEBUG | dusk] fpcSCtRq_phase_CreateProcess: fpcBs_Create OK proc=0xb4000072bf3d0174
[DEBUG | dusk] [DIAG] fpcSCtRq_phase_Load: procName=444 ret=4
[DEBUG | dusk] fpcSCtRq_phase_CreateProcess: procName=444
[DEBUG | dusk] fpcBs_Create: pid=113 profname=fpcNm_E_MD_e (444) profile=0x73fb16d1c0 procSize=3560 unkSize=0
[DEBUG | dusk] fpcSCtRq_phase_CreateProcess: fpcBs_Create OK proc=0xb4000072bf3cf36c
[DEBUG | dusk] [DIAG] fpcSCtRq_phase_Load: procName=201 ret=4
[DEBUG | dusk] fpcSCtRq_phase_CreateProcess: procName=201
[DEBUG | dusk] fpcBs_Create: pid=114 profname=fpcNm_Obj_Ychndlr_e (201) profile=0x73fb18b640 procSize=4192 unkSize=0
[DEBUG | dusk] fpcSCtRq_phase_CreateProcess: fpcBs_Create OK proc=0xb4000072bf3ce2ec
[DEBUG | dusk] [DIAG] fpcSCtRq_phase_Load: procName=480 ret=4
[DEBUG | dusk] fpcSCtRq_phase_CreateProcess: procName=480
[DEBUG | dusk] fpcBs_Create: pid=115 profname=fpcNm_E_KK_e (480) profile=0x73fb16cf80 procSize=6880 unkSize=0
[DEBUG | dusk] fpcSCtRq_phase_CreateProcess: fpcBs_Create OK proc=0xb4000072bf3cc7ec
[DEBUG | dusk] [DIAG] fpcSCtRq_phase_Load: procName=261 ret=4
[DEBUG | dusk] fpcSCtRq_phase_CreateProcess: procName=261
[DEBUG | dusk] fpcBs_Create: pid=116 profname=fpcNm_EP_e (261) profile=0x73fb15fd00 procSize=4680 unkSize=0
[DEBUG | dusk] fpcSCtRq_phase_CreateProcess: fpcBs_Create OK proc=0xb4000072bf3cb584
[DEBUG | dusk] [DIAG] fpcSCtRq_phase_Load: procName=261 ret=4
[DEBUG | dusk] fpcSCtRq_phase_CreateProcess: procName=261
[DEBUG | dusk] fpcBs_Create: pid=117 profname=fpcNm_EP_e (261) profile=0x73fb15fd00 procSize=4680 unkSize=0
[DEBUG | dusk] fpcSCtRq_phase_CreateProcess: fpcBs_Create OK proc=0xb4000072bf3ca31c
[DEBUG | dusk] [DIAG] fpcSCtRq_phase_Load: procName=201 ret=4
[DEBUG | dusk] fpcSCtRq_phase_CreateProcess: procName=201
[DEBUG | dusk] fpcBs_Create: pid=118 profname=fpcNm_Obj_Ychndlr_e (201) profile=0x73fb18b640 procSize=4192 unkSize=0
[DEBUG | dusk] fpcSCtRq_phase_CreateProcess: fpcBs_Create OK proc=0xb4000072bf3c929c
[DEBUG | dusk] [DIAG] fpcSCtRq_phase_Load: procName=201 ret=4
[DEBUG | dusk] fpcSCtRq_phase_CreateProcess: procName=201
[DEBUG | dusk] fpcBs_Create: pid=119 profname=fpcNm_Obj_Ychndlr_e (201) profile=0x73fb18b640 procSize=4192 unkSize=0
[DEBUG | dusk] fpcSCtRq_phase_CreateProcess: fpcBs_Create OK proc=0xb4000072bf3c821c
[DEBUG | dusk] [DIAG] fpcSCtRq_phase_Load: procName=77 ret=4
[DEBUG | dusk] fpcSCtRq_phase_CreateProcess: procName=77
[DEBUG | dusk] fpcBs_Create: pid=120 profname=fpcNm_Obj_IceWall_e (77) profile=0x73fb18b3e0 procSize=2728 unkSize=0
[DEBUG | dusk] fpcSCtRq_phase_CreateProcess: fpcBs_Create OK proc=0xb4000072bf3c7754
[DEBUG | dusk] [DIAG] fpcSCtRq_phase_Load: procName=446 ret=4
[DEBUG | dusk] fpcSCtRq_phase_CreateProcess: procName=446
[DEBUG | dusk] fpcBs_Create: pid=121 profname=fpcNm_E_SM2_e (446) profile=0x73fb16e4a0 procSize=5400 unkSize=0
[DEBUG | dusk] fpcSCtRq_phase_CreateProcess: fpcBs_Create OK proc=0xb4000072bf3c621c
[DEBUG | dusk] [DIAG] fpcSCtRq_phase_Load: procName=446 ret=4
[DEBUG | dusk] fpcSCtRq_phase_CreateProcess: procName=446
[DEBUG | dusk] fpcBs_Create: pid=122 profname=fpcNm_E_SM2_e (446) profile=0x73fb16e4a0 procSize=5400 unkSize=0
[DEBUG | dusk] fpcSCtRq_phase_CreateProcess: fpcBs_Create OK proc=0xb4000072bf3c4ce4
[DEBUG | dusk] [DIAG] fpcSCtRq_phase_Load: procName=490 ret=4
[DEBUG | dusk] fpcSCtRq_phase_CreateProcess: procName=490
[DEBUG | dusk] fpcBs_Create: pid=123 profname=fpcNm_E_BA_e (490) profile=0x73fb16b4a8 procSize=3640 unkSize=0
[DEBUG | dusk] fpcSCtRq_phase_CreateProcess: fpcBs_Create OK proc=0xb4000072bf3c3e8c
[DEBUG | dusk] [DIAG] fpcSCtRq_phase_Load: procName=490 ret=4
[DEBUG | dusk] fpcSCtRq_phase_CreateProcess: procName=490
[DEBUG | dusk] fpcBs_Create: pid=124 profname=fpcNm_E_BA_e (490) profile=0x73fb16b4a8 procSize=3640 unkSize=0
[DEBUG | dusk] fpcSCtRq_phase_CreateProcess: fpcBs_Create OK proc=0xb4000072bf3c3034
[DEBUG | dusk] [DIAG] fpcSCtRq_phase_Load: procName=481 ret=4
[DEBUG | dusk] fpcSCtRq_phase_CreateProcess: procName=481
[DEBUG | dusk] fpcBs_Create: pid=125 profname=fpcNm_E_HP_e (481) profile=0x73fb16cb38 procSize=4968 unkSize=0
[DEBUG | dusk] fpcSCtRq_phase_CreateProcess: fpcBs_Create OK proc=0xb4000072bf3c1cac
[DEBUG | dusk] [DIAG] fpcSCtRq_phase_Load: procName=481 ret=4
[DEBUG | dusk] fpcSCtRq_phase_CreateProcess: procName=481
[DEBUG | dusk] fpcBs_Create: pid=126 profname=fpcNm_E_HP_e (481) profile=0x73fb16cb38 procSize=4968 unkSize=0
[DEBUG | dusk] fpcSCtRq_phase_CreateProcess: fpcBs_Create OK proc=0xb4000072bf3c0924
[DEBUG | dusk] [DIAG] fpcSCtRq_phase_Load: procName=251 ret=4
[DEBUG | dusk] fpcSCtRq_phase_CreateProcess: procName=251
[DEBUG | dusk] fpcBs_Create: pid=127 profname=fpcNm_TBOX_e (251) profile=0x73fb161d80 procSize=3328 unkSize=0
[DEBUG | dusk] fpcSCtRq_phase_CreateProcess: fpcBs_Create OK proc=0xb4000072bf3bfc04
[DEBUG | dusk] [DIAG] fpcSCtRq_phase_Load: procName=251 ret=4
[DEBUG | dusk] fpcSCtRq_phase_CreateProcess: procName=251
[DEBUG | dusk] fpcBs_Create: pid=128 profname=fpcNm_TBOX_e (251) profile=0x73fb161d80 procSize=3328 unkSize=0
[DEBUG | dusk] fpcSCtRq_phase_CreateProcess: fpcBs_Create OK proc=0xb4000072bf3beee4
[DEBUG | dusk] [DIAG] fpcSCtRq_phase_Load: procName=251 ret=4
[DEBUG | dusk] fpcSCtRq_phase_CreateProcess: procName=251
[DEBUG | dusk] fpcBs_Create: pid=129 profname=fpcNm_TBOX_e (251) profile=0x73fb161d80 procSize=3328 unkSize=0
[DEBUG | dusk] fpcSCtRq_phase_CreateProcess: fpcBs_Create OK proc=0xb4000072bf3be1c4
[DEBUG | dusk] [DIAG] fpcSCtRq_phase_Load: procName=735 ret=4
[DEBUG | dusk] fpcSCtRq_phase_CreateProcess: procName=735
[DEBUG | dusk] fpcBs_Create: pid=130 profname=fpcNm_MIRROR_e (735) profile=0x73fb170ac0 procSize=2360 unkSize=0
[DEBUG | dusk] fpcSCtRq_phase_CreateProcess: fpcBs_Create OK proc=0xb4000072bf3bd86c
[DEBUG | dusk] [DIAG] fpcSCtRq_phase_Load: procName=695 ret=4
[DEBUG | dusk] fpcSCtRq_phase_CreateProcess: procName=695
[DEBUG | dusk] fpcBs_Create: pid=131 profname=fpcNm_KYTAG13_e (695) profile=0x73fb1706c0 procSize=1656 unkSize=0
[DEBUG | dusk] fpcSCtRq_phase_CreateProcess: fpcBs_Create OK proc=0xb4000072bf3bd1d4
[DEBUG | dusk] [DIAG] fpcSCtRq_phase_Load: procName=292 ret=4
[DEBUG | dusk] fpcSCtRq_phase_CreateProcess: procName=292
[DEBUG | dusk] fpcBs_Create: pid=132 profname=fpcNm_TAG_LV5SOUP_e (292) profile=0x73fb198630 procSize=1632 unkSize=0
[DEBUG | dusk] fpcSCtRq_phase_CreateProcess: fpcBs_Create OK proc=0xb4000072bf3bcb54
[DEBUG | dusk] [DIAG] fpcSCtRq_phase_Load: procName=292 ret=4
[DEBUG | dusk] fpcSCtRq_phase_CreateProcess: procName=292
[DEBUG | dusk] fpcBs_Create: pid=133 profname=fpcNm_TAG_LV5SOUP_e (292) profile=0x73fb198630 procSize=1632 unkSize=0
[DEBUG | dusk] fpcSCtRq_phase_CreateProcess: fpcBs_Create OK proc=0xb4000072bf3bc4d4
[DEBUG | dusk] [DIAG] fpcSCtRq_phase_Load: procName=292 ret=4
[DEBUG | dusk] fpcSCtRq_phase_CreateProcess: procName=292
[DEBUG | dusk] fpcBs_Create: pid=134 profname=fpcNm_TAG_LV5SOUP_e (292) profile=0x73fb198630 procSize=1632 unkSize=0
[DEBUG | dusk] fpcSCtRq_phase_CreateProcess: fpcBs_Create OK proc=0xb4000072bf3bbe54
[DEBUG | dusk] [DIAG] fpcSCtRq_phase_Load: procName=719 ret=4
[DEBUG | dusk] fpcSCtRq_phase_CreateProcess: procName=719
[DEBUG | dusk] fpcBs_Create: pid=135 profname=fpcNm_TAG_CAMERA_e (719) profile=0x73fb161260 procSize=1672 unkSize=0
[DEBUG | dusk] fpcSCtRq_phase_CreateProcess: fpcBs_Create OK proc=0xb4000072bf3bb7ac
[DEBUG | dusk] [DIAG] fpcSCtRq_phase_Load: procName=26 ret=4
[DEBUG | dusk] fpcSCtRq_phase_CreateProcess: procName=26
[DEBUG | dusk] fpcBs_Create: pid=136 profname=fpcNm_NO_CHG_ROOM_e (26) profile=0x73fb152d40 procSize=1728 unkSize=0
[DEBUG | dusk] fpcSCtRq_phase_CreateProcess: fpcBs_Create OK proc=0xb4000072bf3d9fcc
[DEBUG | dusk] [DIAG] fpcSCtRq_phase_Load: procName=26 ret=4
[DEBUG | dusk] fpcSCtRq_phase_CreateProcess: procName=26
[DEBUG | dusk] fpcBs_Create: pid=137 profname=fpcNm_NO_CHG_ROOM_e (26) profile=0x73fb152d40 procSize=1728 unkSize=0
[DEBUG | dusk] fpcSCtRq_phase_CreateProcess: fpcBs_Create OK proc=0xb4000072bf3bb0cc
[DEBUG | dusk] [DIAG] fpcSCtRq_phase_Load: procName=26 ret=4
[DEBUG | dusk] fpcSCtRq_phase_CreateProcess: procName=26
[DEBUG | dusk] fpcBs_Create: pid=138 profname=fpcNm_NO_CHG_ROOM_e (26) profile=0x73fb152d40 procSize=1728 unkSize=0
[DEBUG | dusk] fpcSCtRq_phase_CreateProcess: fpcBs_Create OK proc=0xb4000072bf3ba9ec
[DEBUG | dusk] [DIAG] fpcSCtRq_phase_Load: procName=26 ret=4
[DEBUG | dusk] fpcSCtRq_phase_CreateProcess: procName=26
[DEBUG | dusk] fpcBs_Create: pid=139 profname=fpcNm_NO_CHG_ROOM_e (26) profile=0x73fb152d40 procSize=1728 unkSize=0
[DEBUG | dusk] fpcSCtRq_phase_CreateProcess: fpcBs_Create OK proc=0xb4000072bf3ba30c
[DEBUG | dusk] [DIAG] fpcSCtRq_phase_Load: procName=719 ret=4
[DEBUG | dusk] fpcSCtRq_phase_CreateProcess: procName=719
[DEBUG | dusk] fpcBs_Create: pid=140 profname=fpcNm_TAG_CAMERA_e (719) profile=0x73fb161260 procSize=1672 unkSize=0
[DEBUG | dusk] fpcSCtRq_phase_CreateProcess: fpcBs_Create OK proc=0xb4000072bf3b9c64
[DEBUG | dusk] [DIAG] fpcSCtRq_phase_Load: procName=721 ret=4
[DEBUG | dusk] fpcSCtRq_phase_CreateProcess: procName=721
[DEBUG | dusk] fpcBs_Create: pid=141 profname=fpcNm_TAG_EVENT_e (721) profile=0x73fb161480 procSize=1640 unkSize=0
[DEBUG | dusk] fpcSCtRq_phase_CreateProcess: fpcBs_Create OK proc=0xb4000072bf3b95dc
[DEBUG | dusk] [DIAG] fpcSCtRq_phase_Load: procName=788 ret=4
[DEBUG | dusk] fpcSCtRq_phase_CreateProcess: procName=788
[DEBUG | dusk] fpcBs_Create: pid=142 profname=fpcNm_MENUWINDOW_e (788) profile=0x73fb158e20 procSize=592 unkSize=0
[DEBUG | dusk] fpcSCtRq_phase_CreateProcess: fpcBs_Create OK proc=0xb4000072bf3d9d5c
[DEBUG | dusk] [DIAG] fpcSCtRq_phase_Load: procName=787 ret=4
[DEBUG | dusk] fpcSCtRq_phase_CreateProcess: procName=787
[DEBUG | dusk] fpcBs_Create: pid=143 profname=fpcNm_MSG_OBJECT_e (787) profile=0x73fb159a98 procSize=1512 unkSize=0
[DEBUG | dusk] fpcSCtRq_phase_CreateProcess: fpcBs_Create OK proc=0xb4000072bf3b8fd4
[DEBUG | dusk] Loading Resource: al_kantera.bmd (Size: 21024)
[DEBUG | dusk] Loading Resource: ef_ktglow.bmd (Size: 3040)
[DEBUG | dusk] Loading Resource: al.bmd (Size: 176288)
[DEBUG | dusk] Loading Resource: al_bootsh.bmd (Size: 22048)
[DEBUG | dusk] Loading Resource: al_face.bmd (Size: 72576)
[DEBUG | dusk] Loading Resource: al_hands.bmd (Size: 61056)
[DEBUG | dusk] Loading Resource: al_head.bmd (Size: 33851)
[DEBUG | dusk] Loading Resource: al_swb.bmd (Size: 23552)
[DEBUG | dusk] Loading Resource: ef_ktglow.btk (Size: 512)
[DEBUG | dusk] Loading Resource: event_list.dat (Size: 11912)
[DEBUG | dusk] Loading Resource: md_breakout.bck (Size: 11840)
[DEBUG | dusk] Loading Resource: md_wait.bck (Size: 1248)
[DEBUG | dusk] Loading Resource: yari_breakout.bck (Size: 704)
[DEBUG | dusk] Loading Resource: lv9_md.bmd (Size: 85824)
[DEBUG | dusk] Loading Resource: lv9_yari.bmd (Size: 4896)
[DEBUG | dusk] Loading Resource: md.bmd (Size: 79968)
[DEBUG | dusk] Loading Resource: md_tb.bmd (Size: 17632)
[DEBUG | dusk] Loading Resource: md_yari.bmd (Size: 4864)
[DEBUG | dusk] Loading Resource: ychandelier.bmd (Size: 30976)
[DEBUG | dusk] Loading Resource: ychandeliershaft.bmd (Size: 20416)
[DEBUG | dusk] Loading Resource: ychandelier.dzb (Size: 672)
[DEBUG | dusk] Loading Resource: kk_appear.bck (Size: 4416)
[DEBUG | dusk] Loading Resource: kk_attack01.bck (Size: 9792)
[DEBUG | dusk] Loading Resource: kk_attack03.bck (Size: 10272)
[DEBUG | dusk] Loading Resource: kk_back_walk.bck (Size: 4608)
[DEBUG | dusk] Loading Resource: kk_clash.bck (Size: 4480)
[DEBUG | dusk] Loading Resource: kk_damage_bow.bck (Size: 4960)
[DEBUG | dusk] Loading Resource: kk_damage_bowa.bck (Size: 5600)
[DEBUG | dusk] Loading Resource: kk_damage_bowb.bck (Size: 5760)
[DEBUG | dusk] Loading Resource: kk_damagel.bck (Size: 6880)
[DEBUG | dusk] Loading Resource: kk_damager.bck (Size: 5664)
[DEBUG | dusk] Loading Resource: kk_dead.bck (Size: 6464)
[DEBUG | dusk] Loading Resource: kk_drawback.bck (Size: 5472)
[DEBUG | dusk] Loading Resource: kk_guarda.bck (Size: 4576)
[DEBUG | dusk] Loading Resource: kk_guardb.bck (Size: 5408)
[DEBUG | dusk] Loading Resource: kk_restorea.bck (Size: 7168)
[DEBUG | dusk] Loading Resource: kk_restoreb.bck (Size: 7072)
[DEBUG | dusk] Loading Resource: kk_step.bck (Size: 4352)
[DEBUG | dusk] Loading Resource: kk_stumble.bck (Size: 4032)
[DEBUG | dusk] Loading Resource: kk_stumble_dead.bck (Size: 3168)
[DEBUG | dusk] Loading Resource: kk_stumble_dead_end.bck (Size: 1536)
[DEBUG | dusk] Loading Resource: kk_throw.bck (Size: 8000)
[DEBUG | dusk] Loading Resource: kk_wait01.bck (Size: 2304)
[DEBUG | dusk] Loading Resource: kk_wait02.bck (Size: 2784)
[DEBUG | dusk] Loading Resource: kk_walk.bck (Size: 6080)
[DEBUG | dusk] Loading Resource: kk_walkb.bck (Size: 3744)
[DEBUG | dusk] Loading Resource: kk_wepon.bck (Size: 384)
[DEBUG | dusk] Loading Resource: kk_wepon_restore.bck (Size: 512)
[DEBUG | dusk] Loading Resource: kk_weponll.bck (Size: 384)
[DEBUG | dusk] Loading Resource: kk.bmd (Size: 105888)
[DEBUG | dusk] Loading Resource: kk_weapon.bmd (Size: 9152)
[DEBUG | dusk] Loading Resource: ksyok00.bmd (Size: 25504)
[DEBUG | dusk] Loading Resource: ksyok01.bmd (Size: 16320)
[DEBUG | dusk] Loading Resource: ksyok02.bmd (Size: 16320)
[DEBUG | dusk] Loading Resource: ksyok03.bmd (Size: 16320)
[DEBUG | dusk] Loading Resource: ksyokp00.bmd (Size: 3520)
[DEBUG | dusk] Loading Resource: sm_piece.bmd (Size: 7776)
[DEBUG | dusk] Loading Resource: sm2.bmd (Size: 12576)
[DEBUG | dusk] Loading Resource: sm2_scale.btk (Size: 640)
[DEBUG | dusk] Loading Resource: ba_appear.bck (Size: 4800)
[DEBUG | dusk] Loading Resource: ba_dead.bck (Size: 6016)
[DEBUG | dusk] Loading Resource: ba_fly.bck (Size: 4128)
[DEBUG | dusk] Loading Resource: ba_fura2.bck (Size: 4608)
[DEBUG | dusk] Loading Resource: ba_holdwait.bck (Size: 1920)
[DEBUG | dusk] Loading Resource: ba_hovering.bck (Size: 4608)
[DEBUG | dusk] Loading Resource: ba_wait.bck (Size: 2592)
[DEBUG | dusk] Loading Resource: ib.bmd (Size: 49504)
[DEBUG | dusk] Loading Resource: ef_glow.bck (Size: 320)
[DEBUG | dusk] Loading Resource: hp_attack.bck (Size: 10144)
[DEBUG | dusk] Loading Resource: hp_damage.bck (Size: 5504)
[DEBUG | dusk] Loading Resource: hp_dead.bck (Size: 6432)
[DEBUG | dusk] Loading Resource: hp_down01.bck (Size: 3872)
[DEBUG | dusk] Loading Resource: hp_down02.bck (Size: 3360)
[DEBUG | dusk] Loading Resource: hp_found.bck (Size: 6176)
[DEBUG | dusk] Loading Resource: hp_return.bck (Size: 6752)
[DEBUG | dusk] Loading Resource: hp_searchmove.bck (Size: 2272)
[DEBUG | dusk] Loading Resource: hp_wait.bck (Size: 2080)
[DEBUG | dusk] Loading Resource: hp_wait02.bck (Size: 2912)
[DEBUG | dusk] Loading Resource: hp_wait03.bck (Size: 3040)
[DEBUG | dusk] Loading Resource: ef_glow.bmd (Size: 4672)
[DEBUG | dusk] Loading Resource: hp.bmd (Size: 27680)
[DEBUG | dusk] Loading Resource: hp_ori.bmd (Size: 11136)
[DEBUG | dusk] Loading Resource: k_takaraa.bck (Size: 448)
[DEBUG | dusk] Loading Resource: k_takarab.bck (Size: 448)
[DEBUG | dusk] Loading Resource: k_takarab_slow.bck (Size: 448)
[DEBUG | dusk] Loading Resource: boxa.bmd (Size: 22912)
[DEBUG | dusk] Loading Resource: boxb.bmd (Size: 27232)
[DEBUG | dusk] Loading Resource: ef_boxb.bmd (Size: 13504)
[DEBUG | dusk] Loading Resource: k_tboxn.bmd (Size: 2048)
[DEBUG | dusk] Loading Resource: boxa.brk (Size: 416)
[DEBUG | dusk] Loading Resource: ef_boxb.brk (Size: 256)
[DEBUG | dusk] Loading Resource: boxa.btk (Size: 416)
[DEBUG | dusk] Loading Resource: boxac.dzb (Size: 640)
[DEBUG | dusk] Loading Resource: boxao.dzb (Size: 928)
[DEBUG | dusk] Loading Resource: boxbc.dzb (Size: 640)
[DEBUG | dusk] Loading Resource: boxbo.dzb (Size: 928)
[DEBUG | dusk] Loading Resource: al_shb.bmd (Size: 15040)
[DEBUG | dusk] [DIAG] fpcSCtRq_phase_Load: procName=255 ret=4
[DEBUG | dusk] fpcSCtRq_phase_CreateProcess: procName=255
[DEBUG | dusk] fpcBs_Create: pid=144 profname=fpcNm_MIDNA_e (255) profile=0x73fb162698 procSize=3360 unkSize=0
[DEBUG | dusk] fpcSCtRq_phase_CreateProcess: fpcBs_Create OK proc=0xb4000072bf3d3a5c
[DEBUG | dusk] Loading Resource: s_md_hands.bmd (Size: 19776)
[DEBUG | dusk] Loading Resource: s_md_mask.bmd (Size: 15424)
[DEBUG | dusk] Loading Resource: s_md_gokou.bmd (Size: 3008)
[DEBUG | dusk] Loading Resource: s_md.bmd (Size: 69984)
[DEBUG | dusk] Loading Resource: s_md_hair_hand.bmd (Size: 18944)
[DEBUG | dusk] Loading Resource: s_md_appear.brk (Size: 352)
[DEBUG | dusk] Loading Resource: s_md_gokou_appear.brk (Size: 256)
[DEBUG | dusk] Loading Resource: s_md_hair_hand_appear.brk (Size: 288)
[DEBUG | dusk] Loading Resource: s_md_mask_appear.brk (Size: 256)
[DEBUG | dusk] Loading Resource: s_md_hair_hand_moya.btk (Size: 544)
[DEBUG | dusk] Loading Resource: s_md_hands_moya.btk (Size: 608)
[DEBUG | dusk] Loading Resource: s_md_mask_moya.btk (Size: 320)
[DEBUG | dusk] Loading Resource: s_md_moya.btk (Size: 512)
[DEBUG | dusk] frameInterp: onTypeChange 118 -> 40 (event_type_id=40, leaving_event=false, entering_event=true)
[DEBUG | dusk] frameInterp: presentation sync not requested for ZEV event [CURRENT] (staff idx 25)
[DEBUG | dusk] fapGm_Execute frame=300
[DEBUG | dusk] frameInterp: onTypeChange 40 -> 118 (event_type_id=40, leaving_event=true, entering_event=false)
[DEBUG | dusk] frameInterp: onTypeChange 118 -> 150 (event_type_id=40, leaving_event=false, entering_event=false)
[DEBUG | dusk] frameInterp: onTypeChange 150 -> 118 (event_type_id=40, leaving_event=false, entering_event=false)
[DEBUG | dusk] fopScnM_CreateReq: procName=18 fade=32767
[DEBUG | dusk] fopScnM_CreateReq: result=6 (error=4294967295)
[DEBUG | dusk] fpcNdRq_phase_Create: name=18 layer=0xb4000072bf3f5c48
[DEBUG | dusk] fpcNdRq_phase_Create: creating_id=145 (error=4294967295)
[DEBUG | dusk] [DIAG] fpcSCtRq_phase_Load: procName=18 ret=4
[DEBUG | dusk] fpcSCtRq_phase_CreateProcess: procName=18
[DEBUG | dusk] fpcBs_Create: pid=145 profname=fpcNm_ROOM_SCENE_e (18) profile=0x73fb15c388 procSize=912 unkSize=0
[DEBUG | dusk] fpcSCtRq_phase_CreateProcess: fpcBs_Create OK proc=0xb4000072bf3f5144
[DEBUG | dusk] Loading Resource: model.bmd (Size: 325536)
[DEBUG | dusk] Loading Resource: room.dzr (Size: 3136)
[DEBUG | dusk] Loading Resource: event_list.dat (Size: 3384)
[DEBUG | dusk] Loading Resource: room.kcl (Size: 122764)
[DEBUG | dusk] Loading Resource: room.plc (Size: 480)
[DEBUG | dusk] frameInterp: onTypeChange 118 -> 150 (event_type_id=40, leaving_event=false, entering_event=false)
[DEBUG | dusk] frameInterp: onTypeChange 150 -> 78 (event_type_id=40, leaving_event=false, entering_event=false)
[DEBUG | dusk] frameInterp: onTypeChange 78 -> 150 (event_type_id=40, leaving_event=false, entering_event=false)
[DEBUG | dusk] fapGm_Execute frame=600
[DEBUG | dusk] fpcBs_Create: pid=147 profname=fpcNm_ARROW_e (776) profile=0x73fb162208 procSize=3328 unkSize=0
[DEBUG | dusk] fpcBs_Create: pid=149 profname=fpcNm_ARROW_e (776) profile=0x73fb162208 procSize=3328 unkSize=0
[INFO | dev.baxlek.fire_arrows] updateFireArrowEffect: ChkAtHit true, arrowId=149 GetAtHitAc=115
[INFO | dev.baxlek.fire_arrows] igniteBurningActor: actor name=480 id=115
[INFO | dev.baxlek.fire_arrows] igniteBurningActor: using free slot=0
[DEBUG | dusk] fpcBs_Create: pid=151 profname=fpcNm_ARROW_e (776) profile=0x73fb162208 procSize=3328 unkSize=0
[INFO | dev.baxlek.fire_arrows] updateFireArrowEffect: ChkAtHit true, arrowId=151 GetAtHitAc=115
[INFO | dev.baxlek.fire_arrows] igniteBurningActor: actor name=480 id=115
[INFO | dev.baxlek.fire_arrows] igniteBurningActor: refreshing existing slot=0 oldTimer=225
[DEBUG | dusk] fpcBs_Create: pid=153 profname=fpcNm_ARROW_e (776) profile=0x73fb162208 procSize=3328 unkSize=0
[DEBUG | dusk] fapGm_Execute frame=900
[INFO | dev.baxlek.fire_arrows] updateFireArrowEffect: ChkAtHit true, arrowId=153 GetAtHitAc=115
[INFO | dev.baxlek.fire_arrows] igniteBurningActor: actor name=480 id=115
[INFO | dev.baxlek.fire_arrows] igniteBurningActor: refreshing existing slot=0 oldTimer=244
[DEBUG | dusk] fpcBs_Create: pid=155 profname=fpcNm_ARROW_e (776) profile=0x73fb162208 procSize=3328 unkSize=0
[INFO | dev.baxlek.fire_arrows] updateFireArrowEffect: ChkAtHit true, arrowId=155 GetAtHitAc=115
[INFO | dev.baxlek.fire_arrows] igniteBurningActor: actor name=480 id=115
[INFO | dev.baxlek.fire_arrows] igniteBurningActor: refreshing existing slot=0 oldTimer=245
[DEBUG | dusk] fpcBs_Create: pid=157 profname=fpcNm_ARROW_e (776) profile=0x73fb162208 procSize=3328 unkSize=0
[INFO | dev.baxlek.fire_arrows] updateFireArrowEffect: ChkAtHit true, arrowId=157 GetAtHitAc=115
[INFO | dev.baxlek.fire_arrows] igniteBurningActor: actor name=480 id=115
[INFO | dev.baxlek.fire_arrows] igniteBurningActor: refreshing existing slot=0 oldTimer=238
[DEBUG | dusk] fpcBs_Create: pid=159 profname=fpcNm_ARROW_e (776) profile=0x73fb162208 procSize=3328 unkSize=0
[INFO | dev.baxlek.fire_arrows] updateFireArrowEffect: ChkAtHit true, arrowId=159 GetAtHitAc=115
[INFO | dev.baxlek.fire_arrows] igniteBurningActor: actor name=480 id=115
[INFO | dev.baxlek.fire_arrows] igniteBurningActor: refreshing existing slot=0 oldTimer=243
[DEBUG | dusk] fpcBs_Create: pid=161 profname=fpcNm_ARROW_e (776) profile=0x73fb162208 procSize=3328 unkSize=0
[INFO | dev.baxlek.fire_arrows] updateFireArrowEffect: ChkAtHit true, arrowId=161 GetAtHitAc=115
[INFO | dev.baxlek.fire_arrows] igniteBurningActor: actor name=480 id=115
[INFO | dev.baxlek.fire_arrows] igniteBurningActor: refreshing existing slot=0 oldTimer=238
[DEBUG | dusk] fpcBs_Create: pid=163 profname=fpcNm_ARROW_e (776) profile=0x73fb162208 procSize=3328 unkSize=0
[INFO | dev.baxlek.fire_arrows] updateFireArrowEffect: ChkAtHit true, arrowId=163 GetAtHitAc=115
[INFO | dev.baxlek.fire_arrows] igniteBurningActor: actor name=480 id=115
[INFO | dev.baxlek.fire_arrows] igniteBurningActor: refreshing existing slot=0 oldTimer=242
[DEBUG | dusk] fapGm_Execute frame=1200
[DEBUG | dusk] fpcBs_Create: pid=165 profname=fpcNm_ARROW_e (776) profile=0x73fb162208 procSize=3328 unkSize=0
[INFO | dev.baxlek.fire_arrows] updateBurningActors: actorId=115 burn expired naturally, freeing slot
[DEBUG | dusk] fapGm_Execute frame=1500
[INFO | dev.baxlek.fire_arrows] updateFireArrowEffect: ChkAtHit true, arrowId=165 GetAtHitAc=115
[INFO | dev.baxlek.fire_arrows] igniteBurningActor: actor name=480 id=115
[INFO | dev.baxlek.fire_arrows] igniteBurningActor: using free slot=0
[DEBUG | dusk] fpcBs_Create: pid=167 profname=fpcNm_ARROW_e (776) profile=0x73fb162208 procSize=3328 unkSize=0
[INFO | dev.baxlek.fire_arrows] updateFireArrowEffect: ChkAtHit true, arrowId=167 GetAtHitAc=115
[INFO | dev.baxlek.fire_arrows] igniteBurningActor: actor name=480 id=115
[INFO | dev.baxlek.fire_arrows] igniteBurningActor: refreshing existing slot=0 oldTimer=228
[DEBUG | dusk] fpcBs_Create: pid=169 profname=fpcNm_ARROW_e (776) profile=0x73fb162208 procSize=3328 unkSize=0
[INFO | dev.baxlek.fire_arrows] updateFireArrowEffect: ChkAtHit true, arrowId=169 GetAtHitAc=115
[INFO | dev.baxlek.fire_arrows] igniteBurningActor: actor name=480 id=115
[INFO | dev.baxlek.fire_arrows] igniteBurningActor: refreshing existing slot=0 oldTimer=225
[DEBUG | dusk] fapGm_Execute frame=1800
[ERROR | dusk::mods::ui] [com.dusklight.twilit_essentials] elem_set_rml: stale or invalid text handle 0x100000008
[INFO | dev.baxlek.fire_arrows] updateBurningActors: actorId=115 burn expired naturally, freeing slot
[DEBUG | dusk] Loading Resource: al_kantera.bmd (Size: 21024)
[DEBUG | dusk] Loading Resource: ef_ktglow.bmd (Size: 3040)
[DEBUG | dusk] Loading Resource: al_bootsh.bmd (Size: 22048)
[DEBUG | dusk] Loading Resource: al_face.bmd (Size: 72576)
[DEBUG | dusk] Loading Resource: al_swb.bmd (Size: 23552)
[DEBUG | dusk] Loading Resource: bl.bmd (Size: 165088)
[DEBUG | dusk] Loading Resource: bl_hands.bmd (Size: 63744)
[DEBUG | dusk] Loading Resource: bl_head.bmd (Size: 33568)
[DEBUG | dusk] Loading Resource: ef_ktglow.btk (Size: 512)
[DEBUG | dusk] Loading Resource: al_kantera.bmd (Size: 21024)
[DEBUG | dusk] Loading Resource: ef_ktglow.bmd (Size: 3040)
[DEBUG | dusk] Loading Resource: al_bootsh.bmd (Size: 22048)
[DEBUG | dusk] Loading Resource: al_hands.bmd (Size: 61056)
[DEBUG | dusk] Loading Resource: al_swb.bmd (Size: 23552)
[DEBUG | dusk] Loading Resource: zl.bmd (Size: 135296)
[DEBUG | dusk] Loading Resource: zl_face.bmd (Size: 73216)
[DEBUG | dusk] Loading Resource: zl_head.bmd (Size: 30816)
[DEBUG | dusk] Loading Resource: ef_ktglow.btk (Size: 512)
[DEBUG | dusk] Loading Resource: al_kantera.bmd (Size: 21024)
[DEBUG | dusk] Loading Resource: ef_ktglow.bmd (Size: 3040)
[DEBUG | dusk] Loading Resource: al_bootsh.bmd (Size: 22048)
[DEBUG | dusk] Loading Resource: al_face.bmd (Size: 78112)
[DEBUG | dusk] Loading Resource: al_hands.bmd (Size: 61056)
[DEBUG | dusk] Loading Resource: al_swb.bmd (Size: 23552)
[DEBUG | dusk] Loading Resource: ml.bmd (Size: 185408)
[DEBUG | dusk] Loading Resource: ml_head.bmd (Size: 42976)
[DEBUG | dusk] Loading Resource: ml_body_power_down.brk (Size: 480)
[DEBUG | dusk] Loading Resource: ml_body_power_up_a.brk (Size: 576)
[DEBUG | dusk] Loading Resource: ml_body_power_up_b.brk (Size: 512)
[DEBUG | dusk] Loading Resource: ml_head_power_down.brk (Size: 320)
[DEBUG | dusk] Loading Resource: ml_head_power_up_a.brk (Size: 448)
[DEBUG | dusk] Loading Resource: ml_head_power_up_b.brk (Size: 352)
[DEBUG | dusk] Loading Resource: ef_ktglow.btk (Size: 512)
[DEBUG | dev.twilitrealm.cosmetics] Loaded base texture data for al_bootsH. size: 2000 hash: C9F8C58AA332C5E6
[DEBUG | dev.twilitrealm.cosmetics] Loaded base texture data for al_bootsH. size: 2000 hash: C9F8C58AA332C5E6
[DEBUG | dev.twilitrealm.cosmetics] Loaded base texture data for al_bootsH. size: 2000 hash: C9F8C58AA332C5E6
[DEBUG | dev.twilitrealm.cosmetics] Loaded base texture data for al_SWB. size: 4000 hash: 1071499E19799A7D
[DEBUG | dev.twilitrealm.cosmetics] Loaded base texture data for al_SWB. size: 4000 hash: 1071499E19799A7D
[DEBUG | dev.twilitrealm.cosmetics] Loaded base texture data for al_SWB. size: 4000 hash: 1071499E19799A7D
[DEBUG | dev.twilitrealm.cosmetics] Loaded base texture data for zl_boots. size: 800 hash: 5C11269EDAB58467
[DEBUG | dev.twilitrealm.cosmetics] Loaded base texture data for zl_body. size: 4000 hash: 84A73663B3EE85E2
[DEBUG | dev.twilitrealm.cosmetics] Loaded base texture data for zl_armor. size: 2000 hash: 741C9A1F3ECF9C48
[DEBUG | dev.twilitrealm.cosmetics] Loaded base texture data for bl_hair. size: 4000 hash: 582A10908B80C70E
[DEBUG | dev.twilitrealm.cosmetics] Loaded base texture data for al_hair. size: 2000 hash: 1FFD75B6321232F5
[DEBUG | dev.twilitrealm.cosmetics] Loaded base texture data for zl_helmet. size: 2000 hash: C1480D35A30F34CA
[DEBUG | dev.twilitrealm.cosmetics] Loaded base texture data for zl_cap. size: 1000 hash: 3A6462A5E149483A
[ERROR | dusk::mods::ui] [com.dusklight.twilit_essentials] elem_set_rml: stale or invalid text handle 0x200000002
[DEBUG | dusk] fapGm_Execute frame=2100
[DEBUG | dusk] fapGm_Execute frame=2400
[DEBUG | dusk] fapGm_Execute frame=2700
[DEBUG | dusk] fapGm_Execute frame=3000
[DEBUG | dusk] fapGm_Execute frame=3300
[DEBUG | dusk] fapGm_Execute frame=3600
[DEBUG | dusk] fapGm_Execute frame=3900
[DEBUG | dusk] fapGm_Execute frame=4200
[DEBUG | dusk] fapGm_Execute frame=4500
[DEBUG | dusk] fapGm_Execute frame=4800
[DEBUG | dusk] fapGm_Execute frame=5100
[DEBUG | dusk] fpcBs_Create: pid=171 profname=fpcNm_ARROW_e (776) profile=0x73fb162208 procSize=3328 unkSize=0
[INFO | dev.baxlek.fire_arrows] updateFireArrowEffect: ChkAtHit true, arrowId=171 GetAtHitAc=115
[INFO | dev.baxlek.fire_arrows] igniteBurningActor: actor name=480 id=115
[INFO | dev.baxlek.fire_arrows] igniteBurningActor: using free slot=0
[DEBUG | dusk] fpcBs_Create: pid=173 profname=fpcNm_ARROW_e (776) profile=0x73fb162208 procSize=3328 unkSize=0
[DEBUG | dusk] fapGm_Execute frame=5400
[INFO | dev.baxlek.fire_arrows] updateFireArrowEffect: ChkAtHit true, arrowId=173 GetAtHitAc=115
[INFO | dev.baxlek.fire_arrows] igniteBurningActor: actor name=480 id=115
[INFO | dev.baxlek.fire_arrows] igniteBurningActor: refreshing existing slot=0 oldTimer=68
[DEBUG | dusk] fpcBs_Create: pid=175 profname=fpcNm_ARROW_e (776) profile=0x73fb162208 procSize=3328 unkSize=0
[DEBUG | dusk] [DIAG] fpcSCtRq_phase_Load: procName=480 ret=4
[DEBUG | dusk] fpcSCtRq_phase_CreateProcess: procName=480
[DEBUG | dusk] fpcBs_Create: pid=176 profname=fpcNm_E_KK_e (480) profile=0x73fb16cf80 procSize=6880 unkSize=0
[DEBUG | dusk] fpcSCtRq_phase_CreateProcess: fpcBs_Create OK proc=0xb4000072bf3d123c
[DEBUG | dusk] fapGm_Execute frame=5700
[DEBUG | dusk] fpcBs_Create: pid=178 profname=fpcNm_ARROW_e (776) profile=0x73fb162208 procSize=3328 unkSize=0
[INFO | dev.baxlek.fire_arrows] updateFireArrowEffect: ChkAtHit true, arrowId=178 GetAtHitAc=115
[INFO | dev.baxlek.fire_arrows] igniteBurningActor: actor name=480 id=115
[INFO | dev.baxlek.fire_arrows] igniteBurningActor: refreshing existing slot=0 oldTimer=86
[DEBUG | dusk] fpcBs_Create: pid=180 profname=fpcNm_ARROW_e (776) profile=0x73fb162208 procSize=3328 unkSize=0
[DEBUG | dusk] [DIAG] fpcSCtRq_phase_Load: procName=480 ret=4
[DEBUG | dusk] fpcSCtRq_phase_CreateProcess: procName=480
[DEBUG | dusk] fpcBs_Create: pid=181 profname=fpcNm_E_KK_e (480) profile=0x73fb16cf80 procSize=6880 unkSize=0
[DEBUG | dusk] fpcSCtRq_phase_CreateProcess: fpcBs_Create OK proc=0xb4000072bf3d123c
[INFO | dev.baxlek.fire_arrows] updateFireArrowEffect: ChkAtHit true, arrowId=180 GetAtHitAc=115
[INFO | dev.baxlek.fire_arrows] igniteBurningActor: actor name=480 id=115
[INFO | dev.baxlek.fire_arrows] igniteBurningActor: refreshing existing slot=0 oldTimer=226
[DEBUG | dusk] fpcBs_Create: pid=183 profname=fpcNm_ARROW_e (776) profile=0x73fb162208 procSize=3328 unkSize=0
[INFO | dev.baxlek.fire_arrows] updateFireArrowEffect: ChkAtHit true, arrowId=183 GetAtHitAc=115
[INFO | dev.baxlek.fire_arrows] igniteBurningActor: actor name=480 id=115
[INFO | dev.baxlek.fire_arrows] igniteBurningActor: refreshing existing slot=0 oldTimer=232
[DEBUG | dusk] fpcBs_Create: pid=185 profname=fpcNm_ARROW_e (776) profile=0x73fb162208 procSize=3328 unkSize=0
[DEBUG | dusk] fapGm_Execute frame=6000
[INFO | dev.baxlek.fire_arrows] updateFireArrowEffect: ChkAtHit true, arrowId=185 GetAtHitAc=115
[INFO | dev.baxlek.fire_arrows] igniteBurningActor: actor name=480 id=115
[INFO | dev.baxlek.fire_arrows] igniteBurningActor: refreshing existing slot=0 oldTimer=232
[DEBUG | dusk] fpcBs_Create: pid=187 profname=fpcNm_ARROW_e (776) profile=0x73fb162208 procSize=3328 unkSize=0
[INFO | dev.baxlek.fire_arrows] updateFireArrowEffect: ChkAtHit true, arrowId=187 GetAtHitAc=115
[INFO | dev.baxlek.fire_arrows] igniteBurningActor: actor name=480 id=115
[INFO | dev.baxlek.fire_arrows] igniteBurningActor: refreshing existing slot=0 oldTimer=257
[DEBUG | dusk] fpcBs_Create: pid=189 profname=fpcNm_ARROW_e (776) profile=0x73fb162208 procSize=3328 unkSize=0
[INFO | dev.baxlek.fire_arrows] updateFireArrowEffect: ChkAtHit true, arrowId=189 GetAtHitAc=115
[INFO | dev.baxlek.fire_arrows] igniteBurningActor: actor name=480 id=115
[INFO | dev.baxlek.fire_arrows] igniteBurningActor: refreshing existing slot=0 oldTimer=253
[DEBUG | dusk] fpcBs_Create: pid=191 profname=fpcNm_ARROW_e (776) profile=0x73fb162208 procSize=3328 unkSize=0
[INFO | dev.baxlek.fire_arrows] updateFireArrowEffect: ChkAtHit true, arrowId=191 GetAtHitAc=115
[INFO | dev.baxlek.fire_arrows] igniteBurningActor: actor name=480 id=115
[INFO | dev.baxlek.fire_arrows] igniteBurningActor: refreshing existing slot=0 oldTimer=251
[DEBUG | dusk] fpcBs_Create: pid=193 profname=fpcNm_ARROW_e (776) profile=0x73fb162208 procSize=3328 unkSize=0
[INFO | dev.baxlek.fire_arrows] updateFireArrowEffect: ChkAtHit true, arrowId=193 GetAtHitAc=115
[INFO | dev.baxlek.fire_arrows] igniteBurningActor: actor name=480 id=115
[INFO | dev.baxlek.fire_arrows] igniteBurningActor: refreshing existing slot=0 oldTimer=250
[DEBUG | dusk] fpcBs_Create: pid=195 profname=fpcNm_ARROW_e (776) profile=0x73fb162208 procSize=3328 unkSize=0
[INFO | dev.baxlek.fire_arrows] updateFireArrowEffect: ChkAtHit true, arrowId=195 GetAtHitAc=115
[INFO | dev.baxlek.fire_arrows] igniteBurningActor: actor name=480 id=115
[INFO | dev.baxlek.fire_arrows] igniteBurningActor: refreshing existing slot=0 oldTimer=250
[DEBUG | dusk] fpcBs_Create: pid=197 profname=fpcNm_ARROW_e (776) profile=0x73fb162208 procSize=3328 unkSize=0
[DEBUG | dusk] fapGm_Execute frame=6300
[INFO | dev.baxlek.fire_arrows] updateFireArrowEffect: ChkAtHit true, arrowId=197 GetAtHitAc=115
[INFO | dev.baxlek.fire_arrows] igniteBurningActor: actor name=480 id=115
[INFO | dev.baxlek.fire_arrows] igniteBurningActor: refreshing existing slot=0 oldTimer=245
[DEBUG | dusk] fpcBs_Create: pid=199 profname=fpcNm_ARROW_e (776) profile=0x73fb162208 procSize=3328 unkSize=0
[INFO | dev.baxlek.fire_arrows] updateFireArrowEffect: ChkAtHit true, arrowId=199 GetAtHitAc=115
[INFO | dev.baxlek.fire_arrows] igniteBurningActor: actor name=480 id=115
[INFO | dev.baxlek.fire_arrows] igniteBurningActor: refreshing existing slot=0 oldTimer=247
[DEBUG | dusk] fopScnM_CreateReq: procName=18 fade=32767
[DEBUG | dusk] fopScnM_CreateReq: result=8 (error=4294967295)
[DEBUG | dusk] fpcNdRq_phase_Create: name=18 layer=0xb4000072bf3f5c48
[DEBUG | dusk] fpcNdRq_phase_Create: creating_id=200 (error=4294967295)
[DEBUG | dusk] [DIAG] fpcSCtRq_phase_Load: procName=18 ret=4
[DEBUG | dusk] fpcSCtRq_phase_CreateProcess: procName=18
[DEBUG | dusk] fpcBs_Create: pid=200 profname=fpcNm_ROOM_SCENE_e (18) profile=0x73fb15c388 procSize=912 unkSize=0
[DEBUG | dusk] fpcSCtRq_phase_CreateProcess: fpcBs_Create OK proc=0xb4000072bf3f5124
[DEBUG | dusk] Loading Resource: model.bmd (Size: 448352)
[DEBUG | dusk] Loading Resource: room.dzr (Size: 1856)
[DEBUG | dusk] Loading Resource: room.kcl (Size: 38986)
[DEBUG | dusk] Loading Resource: room.plc (Size: 96)
[DEBUG | dusk] fpcBs_Create: pid=202 profname=fpcNm_ARROW_e (776) profile=0x73fb162208 procSize=3328 unkSize=0
[INFO | dev.baxlek.fire_arrows] updateFireArrowEffect: ChkAtHit true, arrowId=202 GetAtHitAc=115
[INFO | dev.baxlek.fire_arrows] igniteBurningActor: actor name=480 id=115
[INFO | dev.baxlek.fire_arrows] igniteBurningActor: refreshing existing slot=0 oldTimer=113
[DEBUG | dusk] fpcBs_Create: pid=204 profname=fpcNm_ARROW_e (776) profile=0x73fb162208 procSize=3328 unkSize=0
[DEBUG | dusk] fapGm_Execute frame=6600
[INFO | dev.baxlek.fire_arrows] updateFireArrowEffect: ChkAtHit true, arrowId=204 GetAtHitAc=115
[INFO | dev.baxlek.fire_arrows] igniteBurningActor: actor name=480 id=115
[INFO | dev.baxlek.fire_arrows] igniteBurningActor: refreshing existing slot=0 oldTimer=236
[DEBUG | dusk] fpcBs_Create: pid=206 profname=fpcNm_ARROW_e (776) profile=0x73fb162208 procSize=3328 unkSize=0
[INFO | dev.baxlek.fire_arrows] updateFireArrowEffect: ChkAtHit true, arrowId=206 GetAtHitAc=115
[INFO | dev.baxlek.fire_arrows] igniteBurningActor: actor name=480 id=115
[INFO | dev.baxlek.fire_arrows] igniteBurningActor: refreshing existing slot=0 oldTimer=233
[DEBUG | dusk] fpcBs_Create: pid=208 profname=fpcNm_ARROW_e (776) profile=0x73fb162208 procSize=3328 unkSize=0
[INFO | dev.baxlek.fire_arrows] updateFireArrowEffect: ChkAtHit true, arrowId=208 GetAtHitAc=115
[INFO | dev.baxlek.fire_arrows] igniteBurningActor: actor name=480 id=115
[INFO | dev.baxlek.fire_arrows] igniteBurningActor: refreshing existing slot=0 oldTimer=229
[DEBUG | dusk] fapGm_Execute frame=6900
[INFO | dev.baxlek.fire_arrows] updateBurningActors: actorId=115 burn expired naturally, freeing slot
[DEBUG | dusk] fpcBs_Create: pid=210 profname=fpcNm_ARROW_e (776) profile=0x73fb162208 procSize=3328 unkSize=0
[INFO | dev.baxlek.fire_arrows] updateFireArrowEffect: ChkAtHit true, arrowId=210 GetAtHitAc=115
[INFO | dev.baxlek.fire_arrows] igniteBurningActor: actor name=480 id=115
[INFO | dev.baxlek.fire_arrows] igniteBurningActor: using free slot=0
[DEBUG | dusk] fapGm_Execute frame=7200
[DEBUG | dusk] fpcBs_Create: pid=212 profname=fpcNm_ARROW_e (776) profile=0x73fb162208 procSize=3328 unkSize=0
[INFO | dev.baxlek.fire_arrows] updateFireArrowEffect: ChkAtHit true, arrowId=212 GetAtHitAc=115
[INFO | dev.baxlek.fire_arrows] igniteBurningActor: actor name=480 id=115
[INFO | dev.baxlek.fire_arrows] igniteBurningActor: refreshing existing slot=0 oldTimer=117
[DEBUG | dusk] fpcBs_Create: pid=214 profname=fpcNm_ARROW_e (776) profile=0x73fb162208 procSize=3328 unkSize=0
[DEBUG | dusk] fpcBs_Create: pid=216 profname=fpcNm_ARROW_e (776) profile=0x73fb162208 procSize=3328 unkSize=0
[INFO | dev.baxlek.fire_arrows] updateFireArrowEffect: ChkAtHit true, arrowId=216 GetAtHitAc=115
[INFO | dev.baxlek.fire_arrows] igniteBurningActor: actor name=480 id=115
[INFO | dev.baxlek.fire_arrows] igniteBurningActor: refreshing existing slot=0 oldTimer=133
[DEBUG | dusk] fapGm_Execute frame=7500
[DEBUG | dusk] fpcBs_Create: pid=218 profname=fpcNm_ARROW_e (776) profile=0x73fb162208 procSize=3328 unkSize=0
[INFO | dev.baxlek.fire_arrows] updateFireArrowEffect: ChkAtHit true, arrowId=218 GetAtHitAc=115
[INFO | dev.baxlek.fire_arrows] igniteBurningActor: actor name=480 id=115
[INFO | dev.baxlek.fire_arrows] igniteBurningActor: refreshing existing slot=0 oldTimer=256
[DEBUG | dusk] fpcBs_Create: pid=220 profname=fpcNm_ARROW_e (776) profile=0x73fb162208 procSize=3328 unkSize=0
[INFO | dev.baxlek.fire_arrows] updateFireArrowEffect: ChkAtHit true, arrowId=220 GetAtHitAc=115
[INFO | dev.baxlek.fire_arrows] igniteBurningActor: actor name=480 id=115
[INFO | dev.baxlek.fire_arrows] igniteBurningActor: refreshing existing slot=0 oldTimer=253
[DEBUG | dusk] fpcBs_Create: pid=222 profname=fpcNm_ARROW_e (776) profile=0x73fb162208 procSize=3328 unkSize=0
[INFO | dev.baxlek.fire_arrows] updateFireArrowEffect: ChkAtHit true, arrowId=222 GetAtHitAc=115
[INFO | dev.baxlek.fire_arrows] igniteBurningActor: actor name=480 id=115
[INFO | dev.baxlek.fire_arrows] igniteBurningActor: refreshing existing slot=0 oldTimer=248
[DEBUG | dusk] fpcBs_Create: pid=224 profname=fpcNm_ARROW_e (776) profile=0x73fb162208 procSize=3328 unkSize=0
[INFO | dev.baxlek.fire_arrows] updateFireArrowEffect: ChkAtHit true, arrowId=224 GetAtHitAc=115
[INFO | dev.baxlek.fire_arrows] igniteBurningActor: actor name=480 id=115
[INFO | dev.baxlek.fire_arrows] igniteBurningActor: refreshing existing slot=0 oldTimer=253
[DEBUG | dusk] Loading Resource: al_kantera.bmd (Size: 21024)
[DEBUG | dusk] Loading Resource: ef_ktglow.bmd (Size: 3040)
[DEBUG | dusk] Loading Resource: al_bootsh.bmd (Size: 22048)
[DEBUG | dusk] Loading Resource: al_face.bmd (Size: 72576)
[DEBUG | dusk] Loading Resource: al_swb.bmd (Size: 23552)
[DEBUG | dusk] Loading Resource: bl.bmd (Size: 165088)
[DEBUG | dusk] Loading Resource: bl_hands.bmd (Size: 63744)
[DEBUG | dusk] Loading Resource: bl_head.bmd (Size: 33568)
[DEBUG | dusk] Loading Resource: ef_ktglow.btk (Size: 512)
[DEBUG | dusk] Loading Resource: al_kantera.bmd (Size: 21024)
[DEBUG | dusk] Loading Resource: ef_ktglow.bmd (Size: 3040)
[DEBUG | dusk] Loading Resource: al_bootsh.bmd (Size: 22048)
[DEBUG | dusk] Loading Resource: al_hands.bmd (Size: 61056)
[DEBUG | dusk] Loading Resource: al_swb.bmd (Size: 23552)
[DEBUG | dusk] Loading Resource: zl.bmd (Size: 135296)
[DEBUG | dusk] Loading Resource: zl_face.bmd (Size: 73216)
[DEBUG | dusk] Loading Resource: zl_head.bmd (Size: 30816)
[DEBUG | dusk] Loading Resource: ef_ktglow.btk (Size: 512)
[DEBUG | dusk] Loading Resource: al_kantera.bmd (Size: 21024)
[DEBUG | dusk] Loading Resource: ef_ktglow.bmd (Size: 3040)
[DEBUG | dusk] Loading Resource: al_bootsh.bmd (Size: 22048)
[DEBUG | dusk] Loading Resource: al_face.bmd (Size: 78112)
[DEBUG | dusk] Loading Resource: al_hands.bmd (Size: 61056)
[DEBUG | dusk] Loading Resource: al_swb.bmd (Size: 23552)
[DEBUG | dusk] Loading Resource: ml.bmd (Size: 185408)
[DEBUG | dusk] Loading Resource: ml_head.bmd (Size: 42976)
[DEBUG | dusk] Loading Resource: ml_body_power_down.brk (Size: 480)
[DEBUG | dusk] Loading Resource: ml_body_power_up_a.brk (Size: 576)
[DEBUG | dusk] Loading Resource: ml_body_power_up_b.brk (Size: 512)
[DEBUG | dusk] Loading Resource: ml_head_power_down.brk (Size: 320)
[DEBUG | dusk] Loading Resource: ml_head_power_up_a.brk (Size: 448)
[DEBUG | dusk] Loading Resource: ml_head_power_up_b.brk (Size: 352)
[DEBUG | dusk] Loading Resource: ef_ktglow.btk (Size: 512)
[DEBUG | dusk] fapGm_Execute frame=7800
[WARNING | birdoflight.link.cloud] icon path 'res/icon.png' not found in bundle
[WARNING | birdoflight.link.cloud] banner path 'res/banner.png' not found in bundle
[WARNING | birdoflight.link.cloud] icon path 'res/icon.png' not found in bundle
[WARNING | birdoflight.link.cloud] banner path 'res/banner.png' not found in bundle
[INFO | com.mikey022.tp_randomizer_tracker] deactivating mod
[INFO | com.mikey022.tp_randomizer_tracker] reloading from /data/data/dev.twilitrealm.dusk/files/mods/com.mikey022.tp_randomizer_tracker.dusk
[DEBUG | dusk::mods::overlay] Registering 35 overlay file(s).
[INFO | dusk::mods::loader] 15/28 mod(s) active
[INFO | dusk::mods::updates] Checked 28 installed mods for updates
[INFO | dev.baxlek.fire_arrows] updateBurningActors: actorId=115 burn expired naturally, freeing slot
[DEBUG | dusk] fapGm_Execute frame=8100
[DEBUG | dusk] fapGm_Execute frame=8400
[DEBUG | dusk] fapGm_Execute frame=8700
[DEBUG | dusk] fapGm_Execute frame=9000
[DEBUG | dusk] fapGm_Execute frame=9300
[WARNING | aurora] Surface present failed
